['343', '344', '336', '344', '336'],344
['344', '336', '344', '336', '344'],336
['336', '344', '336', '344', '336'],344
['344', '336', '344', '336', '344'],336
['336', '344', '336', '344', '336'],344
['344', '336', '344', '336', '344'],336
['336', '344', '336', '344', '336'],344
['344', '336', '344', '336', '344'],336
['336', '344', '336', '344', '336'],343
['344', '336', '344', '336', '343'],344
['336', '344', '336', '343', '344'],336
['344', '336', '343', '344', '336'],344
['336', '343', '344', '336', '344'],336
['343', '344', '336', '344', '336'],344
['344', '336', '344', '336', '344'],336
['336', '344', '336', '344', '336'],343
['344', '336', '344', '336', '343'],342
['336', '344', '336', '343', '342'],342
['344', '336', '343', '342', '342'],325
['336', '343', '342', '342', '325'],344
['343', '342', '342', '325', '344'],336
['342', '342', '325', '344', '336'],344
['342', '325', '344', '336', '344'],336
['325', '344', '336', '344', '336'],344
['344', '336', '344', '336', '344'],336
['336', '344', '336', '344', '336'],344
['344', '336', '344', '336', '344'],336
['336', '344', '336', '344', '336'],344
['344', '336', '344', '336', '344'],336
['336', '344', '336', '344', '336'],344
['344', '336', '344', '336', '344'],336
['336', '344', '336', '344', '336'],343
['344', '336', '344', '336', '343'],344
['336', '344', '336', '343', '344'],336
['344', '336', '343', '344', '336'],344
['336', '343', '344', '336', '344'],336
['343', '344', '336', '344', '336'],343
['344', '336', '344', '336', '343'],344
['336', '344', '336', '343', '344'],336
['344', '336', '343', '344', '336'],344
['336', '343', '344', '336', '344'],336
['343', '344', '336', '344', '336'],343
['344', '336', '344', '336', '343'],344
['336', '344', '336', '343', '344'],336
['344', '336', '343', '344', '336'],344
['336', '343', '344', '336', '344'],336
['343', '344', '336', '344', '336'],344
['344', '336', '344', '336', '344'],336
['336', '344', '336', '344', '336'],344
['344', '336', '344', '336', '344'],336
['336', '344', '336', '344', '336'],335
['344', '336', '344', '336', '335'],353
['336', '344', '336', '335', '353'],341
['344', '336', '335', '353', '341'],341
['336', '335', '353', '341', '341'],341
['335', '353', '341', '341', '341'],341
['353', '341', '341', '341', '341'],346
['341', '341', '341', '341', '346'],334
['341', '341', '341', '346', '334'],334
['341', '341', '346', '334', '334'],334
['341', '346', '334', '334', '334'],324
['346', '334', '334', '334', '324'],319
['334', '334', '334', '324', '319'],348
['334', '334', '324', '319', '348'],337
['334', '324', '319', '348', '337'],315
['324', '319', '348', '337', '315'],348
['319', '348', '337', '315', '348'],319
['348', '337', '315', '348', '319'],325
['337', '315', '348', '319', '325'],337
['315', '348', '319', '325', '337'],325
['348', '319', '325', '337', '325'],328
['319', '325', '337', '325', '328'],358
['325', '337', '325', '328', '358'],343
['337', '325', '328', '358', '343'],342
['325', '328', '358', '343', '342'],342
['328', '358', '343', '342', '342'],325
['358', '343', '342', '342', '325'],344
['343', '342', '342', '325', '344'],336
['342', '342', '325', '344', '336'],344
['342', '325', '344', '336', '344'],336
['325', '344', '336', '344', '336'],344
['344', '336', '344', '336', '344'],336
['336', '344', '336', '344', '336'],343
['344', '336', '344', '336', '343'],344
['336', '344', '336', '343', '344'],336
['344', '336', '343', '344', '336'],344
['336', '343', '344', '336', '344'],336
['343', '344', '336', '344', '336'],343
['344', '336', '344', '336', '343'],344
['336', '344', '336', '343', '344'],336
['344', '336', '343', '344', '336'],344
['336', '343', '344', '336', '344'],336
['343', '344', '336', '344', '336'],344
['344', '336', '344', '336', '344'],336
['336', '344', '336', '344', '336'],312
['344', '336', '344', '336', '312'],312
['336', '344', '336', '312', '312'],343
['344', '336', '312', '312', '343'],344
['336', '312', '312', '343', '344'],336
['312', '312', '343', '344', '336'],344
['312', '343', '344', '336', '344'],336
['343', '344', '336', '344', '336'],344
['344', '336', '344', '336', '344'],336
['336', '344', '336', '344', '336'],343
['344', '336', '344', '336', '343'],344
['336', '344', '336', '343', '344'],336
['344', '336', '343', '344', '336'],344
['336', '343', '344', '336', '344'],336
['343', '344', '336', '344', '336'],343
['344', '336', '344', '336', '343'],344
['336', '344', '336', '343', '344'],336
['344', '336', '343', '344', '336'],344
['336', '343', '344', '336', '344'],336
['343', '344', '336', '344', '336'],343
['344', '336', '344', '336', '343'],312
['336', '344', '336', '343', '312'],312
['344', '336', '343', '312', '312'],343
['336', '343', '312', '312', '343'],344
['343', '312', '312', '343', '344'],336
['312', '312', '343', '344', '336'],344
['312', '343', '344', '336', '344'],336
['343', '344', '336', '344', '336'],344
['344', '336', '344', '336', '344'],336
['336', '344', '336', '344', '336'],344
['344', '336', '344', '336', '344'],336
['336', '344', '336', '344', '336'],344
['344', '336', '344', '336', '344'],336
['336', '344', '336', '344', '336'],343
['344', '336', '344', '336', '343'],344
['336', '344', '336', '343', '344'],336
['344', '336', '343', '344', '336'],344
['336', '343', '344', '336', '344'],336
['343', '344', '336', '344', '336'],344
['344', '336', '344', '336', '344'],336
['336', '344', '336', '344', '336'],335
['344', '336', '344', '336', '335'],353
['336', '344', '336', '335', '353'],341
['344', '336', '335', '353', '341'],341
['336', '335', '353', '341', '341'],341
['335', '353', '341', '341', '341'],341
['353', '341', '341', '341', '341'],346
['341', '341', '341', '341', '346'],334
['341', '341', '341', '346', '334'],334
['341', '341', '346', '334', '334'],334
['341', '346', '334', '334', '334'],324
['346', '334', '334', '334', '324'],348
['334', '334', '334', '324', '348'],319
['334', '334', '324', '348', '319'],337
['334', '324', '348', '319', '337'],315
['324', '348', '319', '337', '315'],348
['348', '319', '337', '315', '348'],319
['319', '337', '315', '348', '319'],337
['337', '315', '348', '319', '337'],325
['315', '348', '319', '337', '325'],328
['348', '319', '337', '325', '328'],358
['319', '337', '325', '328', '358'],344
['337', '325', '328', '358', '344'],336
['325', '328', '358', '344', '336'],328
['328', '358', '344', '336', '328'],358
['358', '344', '336', '328', '358'],343
['344', '336', '328', '358', '343'],343
['336', '328', '358', '343', '343'],344
['328', '358', '343', '343', '344'],336
['358', '343', '343', '344', '336'],312
['343', '343', '344', '336', '312'],343
['343', '344', '336', '312', '343'],344
['344', '336', '312', '343', '344'],336
['336', '312', '343', '344', '336'],343
['312', '343', '344', '336', '343'],344
['343', '344', '336', '343', '344'],336
['344', '336', '343', '344', '336'],343
['336', '343', '344', '336', '343'],343
['343', '344', '336', '343', '343'],344
['344', '336', '343', '343', '344'],336
['336', '343', '343', '344', '336'],344
['343', '343', '344', '336', '344'],336
['343', '344', '336', '344', '336'],344
['344', '336', '344', '336', '344'],336
['336', '344', '336', '344', '336'],343
['344', '336', '344', '336', '343'],344
['336', '344', '336', '343', '344'],336
['344', '336', '343', '344', '336'],344
['336', '343', '344', '336', '344'],336
['343', '344', '336', '344', '336'],343
['344', '336', '344', '336', '343'],342
['336', '344', '336', '343', '342'],342
['344', '336', '343', '342', '342'],325
['336', '343', '342', '342', '325'],344
['343', '342', '342', '325', '344'],336
['342', '342', '325', '344', '336'],343
['342', '325', '344', '336', '343'],344
['325', '344', '336', '343', '344'],336
['344', '336', '343', '344', '336'],344
['336', '343', '344', '336', '344'],336
['343', '344', '336', '344', '336'],344
['344', '336', '344', '336', '344'],336
['336', '344', '336', '344', '336'],343
['344', '336', '344', '336', '343'],344
['336', '344', '336', '343', '344'],336
['344', '336', '343', '344', '336'],344
['336', '343', '344', '336', '344'],336
['343', '344', '336', '344', '336'],344
['344', '336', '344', '336', '344'],336
['336', '344', '336', '344', '336'],344
['344', '336', '344', '336', '344'],336
['336', '344', '336', '344', '336'],344
['344', '336', '344', '336', '344'],336
['336', '344', '336', '344', '336'],344
['344', '336', '344', '336', '344'],336
['336', '344', '336', '344', '336'],343
['344', '336', '344', '336', '343'],343
['336', '344', '336', '343', '343'],344
['344', '336', '343', '343', '344'],336
['336', '343', '343', '344', '336'],344
['343', '343', '344', '336', '344'],336
['343', '344', '336', '344', '336'],344
['344', '336', '344', '336', '344'],336
['336', '344', '336', '344', '336'],343
['344', '336', '344', '336', '343'],344
['336', '344', '336', '343', '344'],336
['344', '336', '343', '344', '336'],344
['336', '343', '344', '336', '344'],336
['343', '344', '336', '344', '336'],343
['344', '336', '344', '336', '343'],343
['336', '344', '336', '343', '343'],335
['344', '336', '343', '343', '335'],353
['336', '343', '343', '335', '353'],341
['343', '343', '335', '353', '341'],341
['343', '335', '353', '341', '341'],341
['335', '353', '341', '341', '341'],341
['353', '341', '341', '341', '341'],346
['341', '341', '341', '341', '346'],334
['341', '341', '341', '346', '334'],334
['341', '341', '346', '334', '334'],334
['341', '346', '334', '334', '334'],324
['346', '334', '334', '334', '324'],348
['334', '334', '334', '324', '348'],319
['334', '334', '324', '348', '319'],337
['334', '324', '348', '319', '337'],315
['324', '348', '319', '337', '315'],348
['348', '319', '337', '315', '348'],319
['319', '337', '315', '348', '319'],337
['337', '315', '348', '319', '337'],325
['315', '348', '319', '337', '325'],344
['348', '319', '337', '325', '344'],336
['319', '337', '325', '344', '336'],328
['337', '325', '344', '336', '328'],358
['325', '344', '336', '328', '358'],342
['344', '336', '328', '358', '342'],342
['336', '328', '358', '342', '342'],342
['328', '358', '342', '342', '342'],342
['358', '342', '342', '342', '342'],325
['342', '342', '342', '342', '325'],344
['342', '342', '342', '325', '344'],336
['342', '342', '325', '344', '336'],344
['342', '325', '344', '336', '344'],336
['325', '344', '336', '344', '336'],343
['344', '336', '344', '336', '343'],344
['336', '344', '336', '343', '344'],336
['344', '336', '343', '344', '336'],344
['336', '343', '344', '336', '344'],336
['343', '344', '336', '344', '336'],344
['344', '336', '344', '336', '344'],336
['336', '344', '336', '344', '336'],344
['344', '336', '344', '336', '344'],336
['336', '344', '336', '344', '336'],343
['344', '336', '344', '336', '343'],312
['336', '344', '336', '343', '312'],312
['344', '336', '343', '312', '312'],343
['336', '343', '312', '312', '343'],343
['343', '312', '312', '343', '343'],344
['312', '312', '343', '343', '344'],336
['312', '343', '343', '344', '336'],344
['343', '343', '344', '336', '344'],336
['343', '344', '336', '344', '336'],344
['344', '336', '344', '336', '344'],336
['336', '344', '336', '344', '336'],312
['344', '336', '344', '336', '312'],343
['336', '344', '336', '312', '343'],342
['344', '336', '312', '343', '342'],342
['336', '312', '343', '342', '342'],325
['312', '343', '342', '342', '325'],342
['343', '342', '342', '325', '342'],342
['342', '342', '325', '342', '342'],325
['342', '325', '342', '342', '325'],344
['325', '342', '342', '325', '344'],336
['342', '342', '325', '344', '336'],344
['342', '325', '344', '336', '344'],336
['325', '344', '336', '344', '336'],344
['344', '336', '344', '336', '344'],336
['336', '344', '336', '344', '336'],344
['344', '336', '344', '336', '344'],336
['336', '344', '336', '344', '336'],344
['344', '336', '344', '336', '344'],336
['336', '344', '336', '344', '336'],344
['344', '336', '344', '336', '344'],336
['336', '344', '336', '344', '336'],343
['344', '336', '344', '336', '343'],312
['336', '344', '336', '343', '312'],350
['344', '336', '343', '312', '350'],343
['336', '343', '312', '350', '343'],344
['343', '312', '350', '343', '344'],336
['312', '350', '343', '344', '336'],344
['350', '343', '344', '336', '344'],336
['343', '344', '336', '344', '336'],312
['344', '336', '344', '336', '312'],350
['336', '344', '336', '312', '350'],343
['344', '336', '312', '350', '343'],344
['336', '312', '350', '343', '344'],336
['312', '350', '343', '344', '336'],343
['350', '343', '344', '336', '343'],344
['343', '344', '336', '343', '344'],336
['344', '336', '343', '344', '336'],344
['336', '343', '344', '336', '344'],336
['343', '344', '336', '344', '336'],344
['344', '336', '344', '336', '344'],336
['336', '344', '336', '344', '336'],343
['344', '336', '344', '336', '343'],344
['336', '344', '336', '343', '344'],336
['344', '336', '343', '344', '336'],332
['336', '343', '344', '336', '332'],359
['343', '344', '336', '332', '359'],326
['344', '336', '332', '359', '326'],314
['336', '332', '359', '326', '314'],359
['332', '359', '326', '314', '359'],344
['359', '326', '314', '359', '344'],336
['326', '314', '359', '344', '336'],326
['314', '359', '344', '336', '326'],352
['359', '344', '336', '326', '352'],359
['344', '336', '326', '352', '359'],326
['336', '326', '352', '359', '326'],327
['326', '352', '359', '326', '327'],359
['352', '359', '326', '327', '359'],326
['359', '326', '327', '359', '326'],327
['326', '327', '359', '326', '327'],359
['327', '359', '326', '327', '359'],326
['359', '326', '327', '359', '326'],327
['326', '327', '359', '326', '327'],359
['327', '359', '326', '327', '359'],326
['359', '326', '327', '359', '326'],338
['326', '327', '359', '326', '338'],359
['327', '359', '326', '338', '359'],326
['359', '326', '338', '359', '326'],335
['326', '338', '359', '326', '335'],353
['338', '359', '326', '335', '353'],341
['359', '326', '335', '353', '341'],341
['326', '335', '353', '341', '341'],341
['335', '353', '341', '341', '341'],341
['353', '341', '341', '341', '341'],346
['341', '341', '341', '341', '346'],334
['341', '341', '341', '346', '334'],334
['341', '341', '346', '334', '334'],334
['341', '346', '334', '334', '334'],324
['346', '334', '334', '334', '324'],348
['334', '334', '334', '324', '348'],319
['334', '334', '324', '348', '319'],337
['334', '324', '348', '319', '337'],315
['324', '348', '319', '337', '315'],348
['348', '319', '337', '315', '348'],319
['319', '337', '315', '348', '319'],337
['337', '315', '348', '319', '337'],325
['315', '348', '319', '337', '325'],328
['348', '319', '337', '325', '328'],358
['319', '337', '325', '328', '358'],344
['337', '325', '328', '358', '344'],336
['325', '328', '358', '344', '336'],312
['328', '358', '344', '336', '312'],350
['358', '344', '336', '312', '350'],343
['344', '336', '312', '350', '343'],343
['336', '312', '350', '343', '343'],344
['312', '350', '343', '343', '344'],336
['350', '343', '343', '344', '336'],344
['343', '343', '344', '336', '344'],336
['343', '344', '336', '344', '336'],344
['344', '336', '344', '336', '344'],336
['336', '344', '336', '344', '336'],312
['344', '336', '344', '336', '312'],350
['336', '344', '336', '312', '350'],343
['344', '336', '312', '350', '343'],344
['336', '312', '350', '343', '344'],336
['312', '350', '343', '344', '336'],344
['350', '343', '344', '336', '344'],336
['343', '344', '336', '344', '336'],357
['344', '336', '344', '336', '357'],359
['336', '344', '336', '357', '359'],326
['344', '336', '357', '359', '326'],314
['336', '357', '359', '326', '314'],359
['357', '359', '326', '314', '359'],326
['359', '326', '314', '359', '326'],320
['326', '314', '359', '326', '320'],359
['314', '359', '326', '320', '359'],326
['359', '326', '320', '359', '326'],327
['326', '320', '359', '326', '327'],359
['320', '359', '326', '327', '359'],326
['359', '326', '327', '359', '326'],344
['326', '327', '359', '326', '344'],336
['327', '359', '326', '344', '336'],327
['359', '326', '344', '336', '327'],359
['326', '344', '336', '327', '359'],326
['344', '336', '327', '359', '326'],347
['336', '327', '359', '326', '347'],359
['327', '359', '326', '347', '359'],326
['359', '326', '347', '359', '326'],347
['326', '347', '359', '326', '347'],359
['347', '359', '326', '347', '359'],326
['359', '326', '347', '359', '326'],344
['326', '347', '359', '326', '344'],336
['347', '359', '326', '344', '336'],344
['359', '326', '344', '336', '344'],336
['326', '344', '336', '344', '336'],312
['344', '336', '344', '336', '312'],343
['336', '344', '336', '312', '343'],344
['344', '336', '312', '343', '344'],336
['336', '312', '343', '344', '336'],342
['312', '343', '344', '336', '342'],342
['343', '344', '336', '342', '342'],325
['344', '336', '342', '342', '325'],312
['336', '342', '342', '325', '312'],343
['342', '342', '325', '312', '343'],312
['342', '325', '312', '343', '312'],312
['325', '312', '343', '312', '312'],343
['312', '343', '312', '312', '343'],344
['343', '312', '312', '343', '344'],336
['312', '312', '343', '344', '336'],351
['312', '343', '344', '336', '351'],359
['343', '344', '336', '351', '359'],326
['344', '336', '351', '359', '326'],351
['336', '351', '359', '326', '351'],359
['351', '359', '326', '351', '359'],326
['359', '326', '351', '359', '326'],351
['326', '351', '359', '326', '351'],359
['351', '359', '326', '351', '359'],326
['359', '326', '351', '359', '326'],351
['326', '351', '359', '326', '351'],359
['351', '359', '326', '351', '359'],326
['359', '326', '351', '359', '326'],351
['326', '351', '359', '326', '351'],359
['351', '359', '326', '351', '359'],326
['359', '326', '351', '359', '326'],344
['326', '351', '359', '326', '344'],336
['351', '359', '326', '344', '336'],354
['359', '326', '344', '336', '354'],359
['326', '344', '336', '354', '359'],326
['344', '336', '354', '359', '326'],351
['336', '354', '359', '326', '351'],359
['354', '359', '326', '351', '359'],326
['359', '326', '351', '359', '326'],344
['326', '351', '359', '326', '344'],336
['351', '359', '326', '344', '336'],343
['359', '326', '344', '336', '343'],344
['326', '344', '336', '343', '344'],336
['344', '336', '343', '344', '336'],344
['336', '343', '344', '336', '344'],336
['343', '344', '336', '344', '336'],312
['344', '336', '344', '336', '312'],312
['336', '344', '336', '312', '312'],343
['344', '336', '312', '312', '343'],351
['336', '312', '312', '343', '351'],359
['312', '312', '343', '351', '359'],326
['312', '343', '351', '359', '326'],351
['343', '351', '359', '326', '351'],359
['351', '359', '326', '351', '359'],326
['359', '326', '351', '359', '326'],351
['326', '351', '359', '326', '351'],359
['351', '359', '326', '351', '359'],326
['359', '326', '351', '359', '326'],351
['326', '351', '359', '326', '351'],359
['351', '359', '326', '351', '359'],326
['359', '326', '351', '359', '326'],344
['326', '351', '359', '326', '344'],336
['351', '359', '326', '344', '336'],351
['359', '326', '344', '336', '351'],359
['326', '344', '336', '351', '359'],326
['344', '336', '351', '359', '326'],351
['336', '351', '359', '326', '351'],359
['351', '359', '326', '351', '359'],326
['359', '326', '351', '359', '326'],333
['326', '351', '359', '326', '333'],359
['351', '359', '326', '333', '359'],326
['359', '326', '333', '359', '326'],328
['326', '333', '359', '326', '328'],358
['333', '359', '326', '328', '358'],351
['359', '326', '328', '358', '351'],359
['326', '328', '358', '351', '359'],326
['328', '358', '351', '359', '326'],351
['358', '351', '359', '326', '351'],359
['351', '359', '326', '351', '359'],326
['359', '326', '351', '359', '326'],351
['326', '351', '359', '326', '351'],359
['351', '359', '326', '351', '359'],326
['359', '326', '351', '359', '326'],351
['326', '351', '359', '326', '351'],359
['351', '359', '326', '351', '359'],326
['359', '326', '351', '359', '326'],351
['326', '351', '359', '326', '351'],359
['351', '359', '326', '351', '359'],326
['359', '326', '351', '359', '326'],351
['326', '351', '359', '326', '351'],359
['351', '359', '326', '351', '359'],326
['359', '326', '351', '359', '326'],351
['326', '351', '359', '326', '351'],359
['351', '359', '326', '351', '359'],326
['359', '326', '351', '359', '326'],351
['326', '351', '359', '326', '351'],359
['351', '359', '326', '351', '359'],326
['359', '326', '351', '359', '326'],351
['326', '351', '359', '326', '351'],359
['351', '359', '326', '351', '359'],326
['359', '326', '351', '359', '326'],351
['326', '351', '359', '326', '351'],359
['351', '359', '326', '351', '359'],326
['359', '326', '351', '359', '326'],351
['326', '351', '359', '326', '351'],359
['351', '359', '326', '351', '359'],326
['359', '326', '351', '359', '326'],351
['326', '351', '359', '326', '351'],359
['351', '359', '326', '351', '359'],326
['359', '326', '351', '359', '326'],351
['326', '351', '359', '326', '351'],359
['351', '359', '326', '351', '359'],326
['359', '326', '351', '359', '326'],351
['326', '351', '359', '326', '351'],359
['351', '359', '326', '351', '359'],326
['359', '326', '351', '359', '326'],351
['326', '351', '359', '326', '351'],359
['351', '359', '326', '351', '359'],326
['359', '326', '351', '359', '326'],351
['326', '351', '359', '326', '351'],359
['351', '359', '326', '351', '359'],326
['359', '326', '351', '359', '326'],351
['326', '351', '359', '326', '351'],359
['351', '359', '326', '351', '359'],326
['359', '326', '351', '359', '326'],351
['326', '351', '359', '326', '351'],359
['351', '359', '326', '351', '359'],326
['359', '326', '351', '359', '326'],333
['326', '351', '359', '326', '333'],359
['351', '359', '326', '333', '359'],326
['359', '326', '333', '359', '326'],344
['326', '333', '359', '326', '344'],336
['333', '359', '326', '344', '336'],344
['359', '326', '344', '336', '344'],336
['326', '344', '336', '344', '336'],343
['344', '336', '344', '336', '343'],344
['336', '344', '336', '343', '344'],336
['344', '336', '343', '344', '336'],344
['336', '343', '344', '336', '344'],336
['343', '344', '336', '344', '336'],344
['344', '336', '344', '336', '344'],336
['336', '344', '336', '344', '336'],344
['344', '336', '344', '336', '344'],336
['336', '344', '336', '344', '336'],344
['344', '336', '344', '336', '344'],336
['336', '344', '336', '344', '336'],343
['344', '336', '344', '336', '343'],335
['336', '344', '336', '343', '335'],353
['344', '336', '343', '335', '353'],341
['336', '343', '335', '353', '341'],341
['343', '335', '353', '341', '341'],341
['335', '353', '341', '341', '341'],341
['353', '341', '341', '341', '341'],346
['341', '341', '341', '341', '346'],334
['341', '341', '341', '346', '334'],334
['341', '341', '346', '334', '334'],334
['341', '346', '334', '334', '334'],324
['346', '334', '334', '334', '324'],348
['334', '334', '334', '324', '348'],319
['334', '334', '324', '348', '319'],337
['334', '324', '348', '319', '337'],315
['324', '348', '319', '337', '315'],348
['348', '319', '337', '315', '348'],319
['319', '337', '315', '348', '319'],337
['337', '315', '348', '319', '337'],325
['315', '348', '319', '337', '325'],328
['348', '319', '337', '325', '328'],358
['319', '337', '325', '328', '358'],343
['337', '325', '328', '358', '343'],343
['325', '328', '358', '343', '343'],344
['328', '358', '343', '343', '344'],336
['358', '343', '343', '344', '336'],344
['343', '343', '344', '336', '344'],336
['343', '344', '336', '344', '336'],344
['344', '336', '344', '336', '344'],336
['336', '344', '336', '344', '336'],344
['344', '336', '344', '336', '344'],336
['336', '344', '336', '344', '336'],344
['344', '336', '344', '336', '344'],336
['336', '344', '336', '344', '336'],343
['344', '336', '344', '336', '343'],344
['336', '344', '336', '343', '344'],336
['344', '336', '343', '344', '336'],342
['336', '343', '344', '336', '342'],342
['343', '344', '336', '342', '342'],325
['344', '336', '342', '342', '325'],344
['336', '342', '342', '325', '344'],336
['342', '342', '325', '344', '336'],344
['342', '325', '344', '336', '344'],336
['325', '344', '336', '344', '336'],344
['344', '336', '344', '336', '344'],336
['336', '344', '336', '344', '336'],344
['344', '336', '344', '336', '344'],336
['336', '344', '336', '344', '336'],343
['344', '336', '344', '336', '343'],344
['336', '344', '336', '343', '344'],336
['344', '336', '343', '344', '336'],344
['336', '343', '344', '336', '344'],336
['343', '344', '336', '344', '336'],344
['344', '336', '344', '336', '344'],336
['336', '344', '336', '344', '336'],344
['344', '336', '344', '336', '344'],336
['336', '344', '336', '344', '336'],343
['344', '336', '344', '336', '343'],344
['336', '344', '336', '343', '344'],336
['344', '336', '343', '344', '336'],344
['336', '343', '344', '336', '344'],336
['343', '344', '336', '344', '336'],344
['344', '336', '344', '336', '344'],336
['336', '344', '336', '344', '336'],325
['344', '336', '344', '336', '325'],344
['336', '344', '336', '325', '344'],336
['344', '336', '325', '344', '336'],343
['336', '325', '344', '336', '343'],344
['325', '344', '336', '343', '344'],336
['344', '336', '343', '344', '336'],344
['336', '343', '344', '336', '344'],336
['343', '344', '336', '344', '336'],343
['344', '336', '344', '336', '343'],344
['336', '344', '336', '343', '344'],336
['344', '336', '343', '344', '336'],343
['336', '343', '344', '336', '343'],344
['343', '344', '336', '343', '344'],336
['344', '336', '343', '344', '336'],344
['336', '343', '344', '336', '344'],336
['343', '344', '336', '344', '336'],317
['344', '336', '344', '336', '317'],335
['336', '344', '336', '317', '335'],353
['344', '336', '317', '335', '353'],341
['336', '317', '335', '353', '341'],341
['317', '335', '353', '341', '341'],341
['335', '353', '341', '341', '341'],341
['353', '341', '341', '341', '341'],346
['341', '341', '341', '341', '346'],334
['341', '341', '341', '346', '334'],334
['341', '341', '346', '334', '334'],334
['341', '346', '334', '334', '334'],324
['346', '334', '334', '334', '324'],348
['334', '334', '334', '324', '348'],319
['334', '334', '324', '348', '319'],337
['334', '324', '348', '319', '337'],315
['324', '348', '319', '337', '315'],348
['348', '319', '337', '315', '348'],319
['319', '337', '315', '348', '319'],337
['337', '315', '348', '319', '337'],325
['315', '348', '319', '337', '325'],328
['348', '319', '337', '325', '328'],358
['319', '337', '325', '328', '358'],343
['337', '325', '328', '358', '343'],342
['325', '328', '358', '343', '342'],342
['328', '358', '343', '342', '342'],325
['358', '343', '342', '342', '325'],344
['343', '342', '342', '325', '344'],336
['342', '342', '325', '344', '336'],344
['342', '325', '344', '336', '344'],336
['325', '344', '336', '344', '336'],344
['344', '336', '344', '336', '344'],336
['336', '344', '336', '344', '336'],344
['344', '336', '344', '336', '344'],336
['336', '344', '336', '344', '336'],344
['344', '336', '344', '336', '344'],336
['336', '344', '336', '344', '336'],343
['344', '336', '344', '336', '343'],344
['336', '344', '336', '343', '344'],336
['344', '336', '343', '344', '336'],344
['336', '343', '344', '336', '344'],336
['343', '344', '336', '344', '336'],344
['344', '336', '344', '336', '344'],336
['336', '344', '336', '344', '336'],344
['344', '336', '344', '336', '344'],336
['336', '344', '336', '344', '336'],343
['344', '336', '344', '336', '343'],325
['336', '344', '336', '343', '325'],335
['344', '336', '343', '325', '335'],353
['336', '343', '325', '335', '353'],341
['343', '325', '335', '353', '341'],341
['325', '335', '353', '341', '341'],341
['335', '353', '341', '341', '341'],341
['353', '341', '341', '341', '341'],346
['341', '341', '341', '341', '346'],334
['341', '341', '341', '346', '334'],334
['341', '341', '346', '334', '334'],334
['341', '346', '334', '334', '334'],324
['346', '334', '334', '334', '324'],348
['334', '334', '334', '324', '348'],319
['334', '334', '324', '348', '319'],337
['334', '324', '348', '319', '337'],315
['324', '348', '319', '337', '315'],348
['348', '319', '337', '315', '348'],319
['319', '337', '315', '348', '319'],337
['337', '315', '348', '319', '337'],325
['315', '348', '319', '337', '325'],328
['348', '319', '337', '325', '328'],358
['319', '337', '325', '328', '358'],344
['337', '325', '328', '358', '344'],336
['325', '328', '358', '344', '336'],344
['328', '358', '344', '336', '344'],336
['358', '344', '336', '344', '336'],344
['344', '336', '344', '336', '344'],336
['336', '344', '336', '344', '336'],343
['344', '336', '344', '336', '343'],344
['336', '344', '336', '343', '344'],336
['344', '336', '343', '344', '336'],344
['336', '343', '344', '336', '344'],336
['343', '344', '336', '344', '336'],343
['344', '336', '344', '336', '343'],344
['336', '344', '336', '343', '344'],336
['344', '336', '343', '344', '336'],335
['336', '343', '344', '336', '335'],353
['343', '344', '336', '335', '353'],341
['344', '336', '335', '353', '341'],341
['336', '335', '353', '341', '341'],341
['335', '353', '341', '341', '341'],341
['353', '341', '341', '341', '341'],346
['341', '341', '341', '341', '346'],334
['341', '341', '341', '346', '334'],334
['341', '341', '346', '334', '334'],334
['341', '346', '334', '334', '334'],324
['346', '334', '334', '334', '324'],348
['334', '334', '334', '324', '348'],319
['334', '334', '324', '348', '319'],337
['334', '324', '348', '319', '337'],339
['324', '348', '319', '337', '339'],315
['348', '319', '337', '339', '315'],348
['319', '337', '339', '315', '348'],319
['337', '339', '315', '348', '319'],337
['339', '315', '348', '319', '337'],325
['315', '348', '319', '337', '325'],328
['348', '319', '337', '325', '328'],358
['319', '337', '325', '328', '358'],344
['337', '325', '328', '358', '344'],336
['325', '328', '358', '344', '336'],342
['328', '358', '344', '336', '342'],342
['358', '344', '336', '342', '342'],325
['344', '336', '342', '342', '325'],344
['336', '342', '342', '325', '344'],336
['342', '342', '325', '344', '336'],344
['342', '325', '344', '336', '344'],336
['325', '344', '336', '344', '336'],343
['344', '336', '344', '336', '343'],344
['336', '344', '336', '343', '344'],336
['344', '336', '343', '344', '336'],344
['336', '343', '344', '336', '344'],336
['343', '344', '336', '344', '336'],344
['344', '336', '344', '336', '344'],336
['336', '344', '336', '344', '336'],344
['344', '336', '344', '336', '344'],336
['336', '344', '336', '344', '336'],343
['344', '336', '344', '336', '343'],344
['336', '344', '336', '343', '344'],336
['344', '336', '343', '344', '336'],335
['336', '343', '344', '336', '335'],353
['343', '344', '336', '335', '353'],341
['344', '336', '335', '353', '341'],341
['336', '335', '353', '341', '341'],341
['335', '353', '341', '341', '341'],341
['353', '341', '341', '341', '341'],346
['341', '341', '341', '341', '346'],334
['341', '341', '341', '346', '334'],334
['341', '341', '346', '334', '334'],334
['341', '346', '334', '334', '334'],324
['346', '334', '334', '334', '324'],348
['334', '334', '334', '324', '348'],319
['334', '334', '324', '348', '319'],337
['334', '324', '348', '319', '337'],315
['324', '348', '319', '337', '315'],348
['348', '319', '337', '315', '348'],319
['319', '337', '315', '348', '319'],337
['337', '315', '348', '319', '337'],325
['315', '348', '319', '337', '325'],328
['348', '319', '337', '325', '328'],358
['319', '337', '325', '328', '358'],355
['337', '325', '328', '358', '355'],359
['325', '328', '358', '355', '359'],326
['328', '358', '355', '359', '326'],355
['358', '355', '359', '326', '355'],359
['355', '359', '326', '355', '359'],326
['359', '326', '355', '359', '326'],355
['326', '355', '359', '326', '355'],359
['355', '359', '326', '355', '359'],326
['359', '326', '355', '359', '326'],328
['326', '355', '359', '326', '328'],358
['355', '359', '326', '328', '358'],318
['359', '326', '328', '358', '318'],359
['326', '328', '358', '318', '359'],326
['328', '358', '318', '359', '326'],355
['358', '318', '359', '326', '355'],359
['318', '359', '326', '355', '359'],326
['359', '326', '355', '359', '326'],355
['326', '355', '359', '326', '355'],359
['355', '359', '326', '355', '359'],326
['359', '326', '355', '359', '326'],355
['326', '355', '359', '326', '355'],359
['355', '359', '326', '355', '359'],326
['359', '326', '355', '359', '326'],355
['326', '355', '359', '326', '355'],359
['355', '359', '326', '355', '359'],326
['359', '326', '355', '359', '326'],344
['326', '355', '359', '326', '344'],336
['355', '359', '326', '344', '336'],328
['359', '326', '344', '336', '328'],358
['326', '344', '336', '328', '358'],343
['344', '336', '328', '358', '343'],344
['336', '328', '358', '343', '344'],336
['328', '358', '343', '344', '336'],344
['358', '343', '344', '336', '344'],336
['343', '344', '336', '344', '336'],344
['344', '336', '344', '336', '344'],336
['336', '344', '336', '344', '336'],344
['344', '336', '344', '336', '344'],336
['336', '344', '336', '344', '336'],344
['344', '336', '344', '336', '344'],336
['336', '344', '336', '344', '336'],343
['344', '336', '344', '336', '343'],342
['336', '344', '336', '343', '342'],342
['344', '336', '343', '342', '342'],325
['336', '343', '342', '342', '325'],344
['343', '342', '342', '325', '344'],336
['342', '342', '325', '344', '336'],344
['342', '325', '344', '336', '344'],336
['325', '344', '336', '344', '336'],344
['344', '336', '344', '336', '344'],336
['336', '344', '336', '344', '336'],343
['344', '336', '344', '336', '343'],344
['336', '344', '336', '343', '344'],336
['344', '336', '343', '344', '336'],344
['336', '343', '344', '336', '344'],336
['343', '344', '336', '344', '336'],344
['344', '336', '344', '336', '344'],336
['336', '344', '336', '344', '336'],344
['344', '336', '344', '336', '344'],336
['336', '344', '336', '344', '336'],344
['344', '336', '344', '336', '344'],336
['336', '344', '336', '344', '336'],343
['344', '336', '344', '336', '343'],344
['336', '344', '336', '343', '344'],336
['344', '336', '343', '344', '336'],344
['336', '343', '344', '336', '344'],336
['343', '344', '336', '344', '336'],344
['344', '336', '344', '336', '344'],336
['336', '344', '336', '344', '336'],343
['344', '336', '344', '336', '343'],344
['336', '344', '336', '343', '344'],336
['344', '336', '343', '344', '336'],339
['336', '343', '344', '336', '339'],339
['343', '344', '336', '339', '339'],343
['344', '336', '339', '339', '343'],344
['336', '339', '339', '343', '344'],336
['339', '339', '343', '344', '336'],344
['339', '343', '344', '336', '344'],336
['343', '344', '336', '344', '336'],344
['344', '336', '344', '336', '344'],336
['336', '344', '336', '344', '336'],344
['344', '336', '344', '336', '344'],336
['336', '344', '336', '344', '336'],344
['344', '336', '344', '336', '344'],336
['336', '344', '336', '344', '336'],343
['344', '336', '344', '336', '343'],316
['336', '344', '336', '343', '316'],335
['344', '336', '343', '316', '335'],353
['336', '343', '316', '335', '353'],341
['343', '316', '335', '353', '341'],341
['316', '335', '353', '341', '341'],341
['335', '353', '341', '341', '341'],341
['353', '341', '341', '341', '341'],346
['341', '341', '341', '341', '346'],334
['341', '341', '341', '346', '334'],334
['341', '341', '346', '334', '334'],334
['341', '346', '334', '334', '334'],324
['346', '334', '334', '334', '324'],348
['334', '334', '334', '324', '348'],319
['334', '334', '324', '348', '319'],337
['334', '324', '348', '319', '337'],315
['324', '348', '319', '337', '315'],348
['348', '319', '337', '315', '348'],319
['319', '337', '315', '348', '319'],337
['337', '315', '348', '319', '337'],325
['315', '348', '319', '337', '325'],328
['348', '319', '337', '325', '328'],358
['319', '337', '325', '328', '358'],344
['337', '325', '328', '358', '344'],336
['325', '328', '358', '344', '336'],343
['328', '358', '344', '336', '343'],344
['358', '344', '336', '343', '344'],336
['344', '336', '343', '344', '336'],344
['336', '343', '344', '336', '344'],336
['343', '344', '336', '344', '336'],342
['344', '336', '344', '336', '342'],342
['336', '344', '336', '342', '342'],325
['344', '336', '342', '342', '325'],344
['336', '342', '342', '325', '344'],336
['342', '342', '325', '344', '336'],344
['342', '325', '344', '336', '344'],336
['325', '344', '336', '344', '336'],343
['344', '336', '344', '336', '343'],344
['336', '344', '336', '343', '344'],336
['344', '336', '343', '344', '336'],344
['336', '343', '344', '336', '344'],336
['343', '344', '336', '344', '336'],339
['344', '336', '344', '336', '339'],343
['336', '344', '336', '339', '343'],339
['344', '336', '339', '343', '339'],339
['336', '339', '343', '339', '339'],343
['339', '343', '339', '339', '343'],344
['343', '339', '339', '343', '344'],336
['339', '339', '343', '344', '336'],344
['339', '343', '344', '336', '344'],336
['343', '344', '336', '344', '336'],339
['344', '336', '344', '336', '339'],339
['336', '344', '336', '339', '339'],343
['344', '336', '339', '339', '343'],342
['336', '339', '339', '343', '342'],342
['339', '339', '343', '342', '342'],325
['339', '343', '342', '342', '325'],344
['343', '342', '342', '325', '344'],336
['342', '342', '325', '344', '336'],344
['342', '325', '344', '336', '344'],336
['325', '344', '336', '344', '336'],344
['344', '336', '344', '336', '344'],336
['336', '344', '336', '344', '336'],343
['344', '336', '344', '336', '343'],344
['336', '344', '336', '343', '344'],336
['344', '336', '343', '344', '336'],344
['336', '343', '344', '336', '344'],336
['343', '344', '336', '344', '336'],344
['344', '336', '344', '336', '344'],336
['336', '344', '336', '344', '336'],343
['344', '336', '344', '336', '343'],344
['336', '344', '336', '343', '344'],336
['344', '336', '343', '344', '336'],344
['336', '343', '344', '336', '344'],336
['343', '344', '336', '344', '336'],344
['344', '336', '344', '336', '344'],336
['336', '344', '336', '344', '336'],344
['344', '336', '344', '336', '344'],336
['336', '344', '336', '344', '336'],343
['344', '336', '344', '336', '343'],344
['336', '344', '336', '343', '344'],336
['344', '336', '343', '344', '336'],339
['336', '343', '344', '336', '339'],343
['343', '344', '336', '339', '343'],344
['344', '336', '339', '343', '344'],336
['336', '339', '343', '344', '336'],344
['339', '343', '344', '336', '344'],336
['343', '344', '336', '344', '336'],343
['344', '336', '344', '336', '343'],344
['336', '344', '336', '343', '344'],336
['344', '336', '343', '344', '336'],343
['336', '343', '344', '336', '343'],344
['343', '344', '336', '343', '344'],336
['344', '336', '343', '344', '336'],335
['336', '343', '344', '336', '335'],353
['343', '344', '336', '335', '353'],341
['344', '336', '335', '353', '341'],341
['336', '335', '353', '341', '341'],341
['335', '353', '341', '341', '341'],341
['353', '341', '341', '341', '341'],346
['341', '341', '341', '341', '346'],334
['341', '341', '341', '346', '334'],334
['341', '341', '346', '334', '334'],334
['341', '346', '334', '334', '334'],324
['346', '334', '334', '334', '324'],348
['334', '334', '334', '324', '348'],319
['334', '334', '324', '348', '319'],337
['334', '324', '348', '319', '337'],315
['324', '348', '319', '337', '315'],348
['348', '319', '337', '315', '348'],319
['319', '337', '315', '348', '319'],337
['337', '315', '348', '319', '337'],325
['315', '348', '319', '337', '325'],328
['348', '319', '337', '325', '328'],358
['319', '337', '325', '328', '358'],344
['337', '325', '328', '358', '344'],336
['325', '328', '358', '344', '336'],344
['328', '358', '344', '336', '344'],336
['358', '344', '336', '344', '336'],344
['344', '336', '344', '336', '344'],336
['336', '344', '336', '344', '336'],343
['344', '336', '344', '336', '343'],344
['336', '344', '336', '343', '344'],336
['344', '336', '343', '344', '336'],343
['336', '343', '344', '336', '343'],344
['343', '344', '336', '343', '344'],336
['344', '336', '343', '344', '336'],344
['336', '343', '344', '336', '344'],336
['343', '344', '336', '344', '336'],343
['344', '336', '344', '336', '343'],344
['336', '344', '336', '343', '344'],336
['344', '336', '343', '344', '336'],344
['336', '343', '344', '336', '344'],336
['343', '344', '336', '344', '336'],344
['344', '336', '344', '336', '344'],336
['336', '344', '336', '344', '336'],343
['344', '336', '344', '336', '343'],344
['336', '344', '336', '343', '344'],336
['344', '336', '343', '344', '336'],339
['336', '343', '344', '336', '339'],339
['343', '344', '336', '339', '339'],343
['344', '336', '339', '339', '343'],342
['336', '339', '339', '343', '342'],342
['339', '339', '343', '342', '342'],325
['339', '343', '342', '342', '325'],339
['343', '342', '342', '325', '339'],322
['342', '342', '325', '339', '322'],343
['342', '325', '339', '322', '343'],344
['325', '339', '322', '343', '344'],336
['339', '322', '343', '344', '336'],344
['322', '343', '344', '336', '344'],336
['343', '344', '336', '344', '336'],344
['344', '336', '344', '336', '344'],336
['336', '344', '336', '344', '336'],344
['344', '336', '344', '336', '344'],336
['336', '344', '336', '344', '336'],344
['344', '336', '344', '336', '344'],336
['336', '344', '336', '344', '336'],343
['344', '336', '344', '336', '343'],344
['336', '344', '336', '343', '344'],336
['344', '336', '343', '344', '336'],344
['336', '343', '344', '336', '344'],336
['343', '344', '336', '344', '336'],343
['344', '336', '344', '336', '343'],339
['336', '344', '336', '343', '339'],344
['344', '336', '343', '339', '344'],336
['336', '343', '339', '344', '336'],339
['343', '339', '344', '336', '339'],343
['339', '344', '336', '339', '343'],343
['344', '336', '339', '343', '343'],344
['336', '339', '343', '343', '344'],336
['339', '343', '343', '344', '336'],344
['343', '343', '344', '336', '344'],336
['343', '344', '336', '344', '336'],344
['344', '336', '344', '336', '344'],336
['336', '344', '336', '344', '336'],344
['344', '336', '344', '336', '344'],336
['336', '344', '336', '344', '336'],344
['344', '336', '344', '336', '344'],336
['336', '344', '336', '344', '336'],343
['344', '336', '344', '336', '343'],343
['336', '344', '336', '343', '343'],335
['344', '336', '343', '343', '335'],353
['336', '343', '343', '335', '353'],341
['343', '343', '335', '353', '341'],341
['343', '335', '353', '341', '341'],341
['335', '353', '341', '341', '341'],341
['353', '341', '341', '341', '341'],346
['341', '341', '341', '341', '346'],334
['341', '341', '341', '346', '334'],334
['341', '341', '346', '334', '334'],334
['341', '346', '334', '334', '334'],324
['346', '334', '334', '334', '324'],348
['334', '334', '334', '324', '348'],319
['334', '334', '324', '348', '319'],337
['334', '324', '348', '319', '337'],315
['324', '348', '319', '337', '315'],348
['348', '319', '337', '315', '348'],319
['319', '337', '315', '348', '319'],337
['337', '315', '348', '319', '337'],325
['315', '348', '319', '337', '325'],328
['348', '319', '337', '325', '328'],358
['319', '337', '325', '328', '358'],344
['337', '325', '328', '358', '344'],336
['325', '328', '358', '344', '336'],356
['328', '358', '344', '336', '356'],359
['358', '344', '336', '356', '359'],326
['344', '336', '356', '359', '326'],321
['336', '356', '359', '326', '321'],359
['356', '359', '326', '321', '359'],326
['359', '326', '321', '359', '326'],313
['326', '321', '359', '326', '313'],359
['321', '359', '326', '313', '359'],326
['359', '326', '313', '359', '326'],321
['326', '313', '359', '326', '321'],359
['313', '359', '326', '321', '359'],326
['359', '326', '321', '359', '326'],331
['326', '321', '359', '326', '331'],359
['321', '359', '326', '331', '359'],326
['359', '326', '331', '359', '326'],349
['326', '331', '359', '326', '349'],359
['331', '359', '326', '349', '359'],326
['359', '326', '349', '359', '326'],340
['326', '349', '359', '326', '340'],359
['349', '359', '326', '340', '359'],326
['359', '326', '340', '359', '326'],349
['326', '340', '359', '326', '349'],359
['340', '359', '326', '349', '359'],326
['359', '326', '349', '359', '326'],345
['326', '349', '359', '326', '345'],359
['349', '359', '326', '345', '359'],326
['359', '326', '345', '359', '326'],345
['326', '345', '359', '326', '345'],359
['345', '359', '326', '345', '359'],326
['359', '326', '345', '359', '326'],313
['326', '345', '359', '326', '313'],359
['345', '359', '326', '313', '359'],326
['359', '326', '313', '359', '326'],330
['326', '313', '359', '326', '330'],359
['313', '359', '326', '330', '359'],326
['359', '326', '330', '359', '326'],331
['326', '330', '359', '326', '331'],359
['330', '359', '326', '331', '359'],326
['359', '326', '331', '359', '326'],344
['326', '331', '359', '326', '344'],336
['331', '359', '326', '344', '336'],343
['359', '326', '344', '336', '343'],344
['326', '344', '336', '343', '344'],336
['344', '336', '343', '344', '336'],312
['336', '343', '344', '336', '312'],343
['343', '344', '336', '312', '343'],343
['344', '336', '312', '343', '343'],343
['336', '312', '343', '343', '343'],344
['312', '343', '343', '343', '344'],336
['343', '343', '343', '344', '336'],329
['343', '343', '344', '336', '329'],323
['343', '344', '336', '329', '323'],311
['344', '336', '329', '323', '311'],359
['336', '329', '323', '311', '359'],326
['329', '323', '311', '359', '326'],343
