E15,E14,E31,E19,E18,E21,E35,E6,E41,E45,E42,E11,E22,E38,E34,E30,E28,E17,E10,E27,E9,E5,E12,E13,E20,E32,E47,E26,E16,E0,E2,E29,E40,E3,E33,E44,E23,E25,E43,E24,E48,E4,E39,E8,E37,E1,E36,E7,E46
[1080 1104],[1074],[344],"[  76  159  163  251  367  485  579  659  705  741  783  794  813  891
  983 1071]",[  69  153  243  361  573  653  699  735  777  885  977 1065],[327 390],[870],[  61  145  235  353  565  645  691  726  769  877  969 1057],"[428 431 434 437 440 448 461 464 467 470 475 478 486 489 492 495 498 501
 504 507 510 513 516 519 522 525 528 531 534 537]",[324],[638],"[ 326  331  334  337  340  343  346  389  392  395  398  403  406  409
  430  433  436  439  442  447  450  463  466  469  472  477  480  483
  488  491  494  497  500  503  506  509  512  515  518  521  524  527
  530  533  536  539  542  786  789  792  797  800  803  806  809 1076
 1079 1082 1085 1088 1091 1094 1097 1100 1103 1106 1109 1112 1128]",[445],[795],[1089 1095],"[ 325  328  333  336  339  342  345  388  391  394  397  402  405  408
  429  432  435  438  441  446  449  462  465  468  471  476  479  482
  487  490  493  496  499  502  505  508  511  514  517  520  523  526
  529  532  535  538  541  785  788  791  796  799  802  805  808 1075
 1078 1081 1084 1087 1090 1093 1096 1099 1102 1105 1108 1111 1127]","[  99  100  119  120  168  271  272  281  302  309  370  380  414  421
  423  424  458  459 1118]",[303 310 371 381],[  56  140  230  348  560  640  686  721  764  872  964 1052],[1015],[1077 1083],"[   0   13   20   36   41   46   77   87   92  101  108  113  118  121
  132  164  165  169  172  175  176  183  188  194  201  214  215  222
  227  228  261  270  273  274  282  301  304  311  314  321  372  373
  382  415  422  425  453  460  547  558  580  581  592  606  615  625
  630  633  660  674  683  712  717  751  760  814  825  835  846  853
  858  869  894  906  912  915  922  932  939  948  952  957  960  990
  993  998 1005 1010 1016 1027 1032 1037 1038 1049 1050 1115 1119 1120
 1121 1129]",[387],[1126],"[  21   22   78   79  189  190  252  253  254  255  283  284  286  287
  418  419  595  596  661  662  744  745  826  827  899  900  923  924
 1011 1012]",[784 787 790 798 801 804 807],[1125],[ 734  856  857  911  913  914  920  921  951 1008 1009 1014 1033 1036],[1092],[  55  139  229  347  559  639  685  720  763  871  963 1051],"[  62   63   64  146  147  148  236  237  238  354  355  356  566  567
  568  646  647  648  692  693  694  727  728  729  770  771  772  878
  879  880  970  971  972 1058 1059 1060]",[  65  149  239  357  569  649  695  730  773  881  973 1061],[332],[1098 1101],"[  66   71  151  155  241  245  359  363  571  575  651  655  697  701
  732  737  775  779  883  887  975  979 1063 1067]",[481 540],[1086 1110],"[  68   73  152  156  242  246  360  364  572  576  652  656  698  702
  733  738  776  780  884  888  976  980 1064 1068]","[   2    4    6    8   10   12   15   17   19   25   27   29   31   33
   35   38   40   43   45   48   50   52   54   82   84   86   89   91
   94   96   98  103  105  107  110  112  115  117  123  125  127  129
  131  134  136  138  161  167  171  174  178  180  182  185  187  193
  196  198  200  203  205  207  209  211  213  217  219  221  224  226
  249  258  260  263  265  267  269  276  278  280  290  292  294  296
  298  300  306  308  313  316  318  320  323  330  369  375  377  379
  384  386  400  411  413  417  427  444  452  455  457  474  544  546
  549  551  553  555  557  583  585  587  589  591  594  599  601  603
  605  608  610  612  614  617  619  621  624  627  629  632  635  637
  665  667  669  671  673  676  678  680  682  707  709  711  714  716
  719  743  748  750  753  755  757  759  762  811  816  818  820  822
  824  830  832  834  837  839  841  843  845  848  850  852  855  860
  862  864  866  868  893  896  898  903  905  908  910  917  919  927
  929  931  934  936  938  941  943  945  947  950  954  956  959  962
  985  987  989  992  995  997 1000 1002 1004 1007 1018 1020 1022 1024
 1026 1029 1031 1035 1040 1042 1044 1046 1048 1073 1114 1117 1123]",[404 407],"[  75  158  162  250  366  484  578  658  704  740  782  793  812  890
  982 1070]",[1124],[1107],"[  67   70  150  154  240  244  358  362  570  574  650  654  696  700
  731  736  774  778  882  886  974  978 1062 1066]","[  57   58   59   60  141  142  143  144  231  232  233  234  349  350
  351  352  561  562  563  564  641  642  643  644  687  688  689  690
  722  723  724  725  765  766  767  768  873  874  875  876  965  966
  967  968 1053 1054 1055 1056]","[  23   72   74   80  157  191  247  256  285  288  365  420  577  597
  622  657  663  684  703  739  746  781  828  889  901  925  981 1013
 1069]",[335 338 341 396 401],"[   1    3    5    7    9   11   14   16   18   24   26   28   30   32
   34   37   39   42   44   47   49   51   53   81   83   85   88   90
   93   95   97  102  104  106  109  111  114  116  122  124  126  128
  130  133  135  137  160  166  170  173  177  179  181  184  186  192
  195  197  199  202  204  206  208  210  212  216  218  220  223  225
  248  257  259  262  264  266  268  275  277  279  289  291  293  295
  297  299  305  307  312  315  317  319  322  329  368  374  376  378
  383  385  399  410  412  416  426  443  451  454  456  473  543  545
  548  550  552  554  556  582  584  586  588  590  593  598  600  602
  604  607  609  611  613  616  618  620  623  626  628  631  634  636
  664  666  668  670  672  675  677  679  681  706  708  710  713  715
  718  742  747  749  752  754  756  758  761  810  815  817  819  821
  823  829  831  833  836  838  840  842  844  847  849  851  854  859
  861  863  865  867  892  895  897  902  904  907  909  916  918  926
  928  930  933  935  937  940  942  944  946  949  953  955  958  961
  984  986  988  991  994  996  999 1001 1003 1006 1017 1019 1021 1023
 1025 1028 1030 1034 1039 1041 1043 1045 1047 1072 1113 1116 1122]",[393]
[145],[386],[33],[0],[18],[40],"[103, 'eth0,', '63.126.79.67']",[0],[441],[371],[626],[47],[83],"[81, ' ']",[343],[0],[409],[14],[58838],[27],[231],[0],[1080],[0],[205],"[1401, ' ', '11:46:36']",[10],[7],[9],[579],[0],[2],[24],[210],[0],[286],[51],[2],[0],[29],[38],[24],[36],[0],[0],[24],[31],[1199],[27]
[25],,,"[0, '64.11.220.105']","[6, '64.11.220.105']",[24],,[0],[3],,,[17],,,[3],[0],[7],[36],[58115],,[5],[304],,,[0],"[19, ' ']",,[1087],,[620],[0],"[1, '64.11.220.105']",,[9],[0],[22],[36],[1],[0],[2],[52],,,[0],[0],[6],[317],[480],
,,,"[0, '64.11.220.105']",[7],,,[0],"[13, '82.255.30.208']",,,[2],,,,[0],[271],[27],[57881],,,[745],,,[391],"[9, ' ']",,[7],,[19],[0],[2],,,"[0, '64.11.220.105']",,,[3],[0],,[73],,,[0],[0],[25],[2],[1320],
,,,[0],[11],,,[0],"[10, '82.255.30.208']",,,[0],,,,[0],[8],[12],[58010],,,[295],,,[0],[10],,[1217],,[81],[0],[1],,,"[0, '64.11.220.105']",,,[7],[0],,[11],,,[0],[0],[24],[18],[1800],
,,,[0],[6],,,[0],"[11, '82.255.30.208']",,,[0],,,,[0],[217],,[232084],,,"[895, ' ']",,,"[3, '64.11.220.105']",[2],,[341],,[30],"[0, '64.11.220.105']",[1],,,[0],,,[3],[0],,[57],,,[0],[0],"[11, '64.11.220.105']",[1047],[480],
,,,[0],[7],,,[0],[6],,,[0],,,,[0],[219],,[58544],,,[104],,,[0],"[2, ' ']",,[8],,[0],[0],[1],,,[0],,,[7],[0],,[63],,,[0],[0],[25],,[1320],
,,,[0],[7],,,[0],[182],,,[0],,,,[0],[11],,[236],,,[611],,,[1584],[2],,[738],,[66],[0],[1],,,[0],,,[2],[0],,[52],,,[0],[0],[9],,[1496],
,,,[0],"[8, '<', '>']",,,[0],[13],,,[98],,,,[0],[26],,[757],,,[1049],,,[0],,,[6],,[411],[0],[1],,,[0],,,[7],[0],,[52],,,[0],[0],[16],,[480],
,,,[0],[8],,,[0],[11],,,[35],,,,[0],[128],,[58467],,,[1242],,,[8],,,[118],,[466],"[0, '64.69.77.49']","[2, 'readIntrThreshold']",,,[0],,,[3],[0],,[52],,,[0],[0],[25],,[1320],
,,,[0],"[17, 'eth0:14,', '63.126.79.89']",,,"[0, 'eth0:7,', '63.126.79.80']",[16],,,[0],,,,[0],[223],,"[58177, 'eth0:2,', '63.126.79.70']",,,[7],,,[0],,,[54],,"[0, 'eth0:1,', '63.126.79.69']",[0],"[2, 'eth0:11,', '63.126.79.84']",,,[0],,,[8],[0],,[61],,,[0],[0],[25],,[826],
,,,"[0, '11:46:36']",[7],,,[0],[41],,,[0],,,,[0],[302],,[58158],,,[941],,,[602],,,[6],,[530],[0],[1],,,[0],,,[3],[0],,"[54, ' ']",,,[0],[0],[6],,[480],
,,,"[0, 'USB', ' ']",[6],,,[0],[1],,,[0],,,,[0],[303],,[231488],,,[101],,,[0],,,[1217],,[17],[0],[2],,,[0],,,[7],[0],,[9],,,[0],[0],[25],,[1320],
,,,[0],,,,,[83],,,[11],,,,[0],[659],,,,,[1079],,,[196],,,[262],,,[0],,,,[0],,,[2],[0],,[272],,,[0],[0],[10],,[1800],
,,,"[0, 'eth0:20,', '63.126.79.115']",,,,,[21],,,[10],,,,[0],[543],,,,,[6],,,[0],,,[2],,,[0],,,,[0],,,[6],[0],,"[61, 'eth0:19,', '63.126.79.110']",,,[0],[0],[25],,[480],
,,,[0],,,,,[6],,,[0],,,,[0],[870],,,,,[1211],,,[184],,,,,,[0],,,,[0],,,[2],[0],,[52],,,[0],[0],"[496, '63.126.79.95']",,[1320],
,,,[0],,,,,[54],,,"[0, '82.255.30.208']",,,,[0],[6],,,,,[359],,,[0],,,,,,"[0, ' ']",,,,"[0, ' ']",,,[7],[0],,[50],,,[0],[0],[10],,[1505],
,,,,,,,,[9],,,"[0, '82.255.30.208']",,,,"[0, '82.255.30.208']",[987],,,,,"[749, '64.11.220.105']",,,[1393],,,,,,[0],,,,"[0, 'proc', ' ']",,,[2],[0],,,,,[0],[0],[24],,[480],
,,,,,,,,[3],,,"[0, '82.255.30.208']",,,,"[0, '82.255.30.208']",[7],,,,,"[11, '64.11.220.105']",,,[0],,,,,,[0],,,,[0],,,[6],"[0, ' ']",,,,,[0],[0],[859],,"[425, ' ']",
,,,,,,,,[12],,,[0],,,,[0],[876],,,,,"[975, '64.11.220.105']",,,[66],,,,,,[0],,,,"[0, 'eth0:12,', '63.126.79.85']",,,"[3, 'eth0:13,', '63.126.79.87']","[0, ' ']",,,,,[0],[0],[12],,"[1800, ' ']",
,,,,,,,,[3],,,"[0, '82.255.30.208']",,,,[0],,,,,,"[1189, '64.11.220.105']",,,"[0, '20:41:30']",,,,,,[0],,,,"[0, 'eth0:16,', '63.126.79.95']",,,"[7, 'eth0:17,', '63.126.79.100']",[0],,,,,"[0, 'eth0:15,', '63.126.79.90']",[0],[3],,[376],
,,,,,,,,[3],,,[0],,,,[0],,,,,,[607],,,[165],,,,,,[0],,,,[0],,,[2],[0],,,,,[0],[0],[24],,[1320],
,,,,,,,,[3],,,[0],,,,[0],,,,,,"[640, '64.11.220.105']",,,[0],,,,,,[0],,,,[0],,,[7],[0],,,,,[0],[0],[10],,[1800],
,,,,,,,,[23],,,[0],,,,[0],,,,,,[59],,,[33],,,,,,[0],,,,[0],,,[3],[0],,,,,[0],[0],"[24, 'eth0: ']",,[480],
,,,,,,,,[7],,,[0],,,,[0],,,,,,[872],,,"[0, 'lo: ']",,,,,,[0],,,,[0],,,[8],[0],,,,,[0],[0],"[0, 'eth0:18,', '63.126.79.105']",,[185],
,,,,,,,,[12],,,[1],,,,[0],,,,,,[422],,,[914],,,,,,[0],,,,,,,,[0],,,,,,[0],[24],,[480],
,,,,,,,,[7],,,[0],,,,[0],,,,,,[184],,,[0],,,,,,[0],,,,,,,,[0],,,,,,[0],[25],,[1320],
,,,,,,,,[12],,,[1],,,,[0],,,,,,[1428],,,[360],,,,,,"[0, 'writeIntrThreshold']",,,,,,,,[0],,,,,,[0],[11],,[751],
,,,,,,,,[147],,,[7],,,,[0],,,,,,[1180],,,[0],,,,,,"[0, 'eth0:8,', '63.126.79.81']",,,,,,,,[0],,,,,,[0],[24],,[480],
,,,,,,,,[95],,,[1],,,,[0],,,,,,[17],,,[175],,,,,,"[0, 'eth0:9,', '63.126.79.82']",,,,,,,,[0],,,,,,[0],[10],,[78],
,,,,,,,,[409],,,[0],,,,[0],,,,,,[931],,,[1],,,,,,"[0, 'eth0:10,', '63.126.79.83']",,,,,,,,[0],,,,,,[0],,,[1800],
,,,,,,,,,,,[0],,,,[0],,,,,,[416],,,,,,,,,[0],,,,,,,,[0],,,,,,[0],,,[480],
,,,,,,,,,,,[0],,,,[0],,,,,,[112],,,,,,,,,[0],,,,,,,,[0],,,,,,[0],,,[897],
,,,,,,,,,,,[0],,,,"[0, ' ']",,,,,,[8],,,,,,,,,[0],,,,,,,,[0],,,,,,[0],,,[1800],
,,,,,,,,,,,[0],,,,[0],,,,,,[1438],,,,,,,,,[0],,,,,,,,[0],,,,,,[0],,,[480],
,,,,,,,,,,,[1],,,,[0],,,,,,[6],,,,,,,,,[0],,,,,,,,[0],,,,,,[0],,,[379],
,,,,,,,,,,,[0],,,,[0],,,,,,[1296],,,,,,,,,[0],,,,,,,,[0],,,,,,[0],,,[1800],
,,,,,,,,,,,[1],,,,[0],,,,,,[6],,,,,,,,,,,,,,,,,[0],,,,,,"[0, 'eth0:3,', '63.126.79.71']",,,[379],
,,,,,,,,,,,[0],,,,[0],,,,,,[37],,,,,,,,,,,,,,,,,[0],,,,,,"[0, 'eth0:4,', '63.126.79.72']",,,[1320],
,,,,,,,,,,,[0],,,,[0],,,,,,[1619],,,,,,,,,,,,,,,,,[0],,,,,,"[0, 'eth0:5,', '63.126.79.73']",,,[436],
,,,,,,,,,,,[0],,,,[0],,,,,,[665],,,,,,,,,,,,,,,,,[0],,,,,,"[0, 'eth0:6,', '63.126.79.75']",,,[480],
,,,,,,,,,,,[0],,,,[0],,,,,,[7],,,,,,,,,,,,,,,,,[0],,,,,,[0],,,[1320],
,,,,,,,,,,,[0],,,,[0],,,,,,[1301],,,,,,,,,,,,,,,,,[0],,,,,,[0],,,[1800],
,,,,,,,,,,,[0],,,,[0],,,,,,[7],,,,,,,,,,,,,,,,,[0],,,,,,[0],,,[480],
,,,,,,,,,,,[0],,,,[0],,,,,,[7],,,,,,,,,,,,,,,,,[0],,,,,,[0],,,[109],
,,,,,,,,,,,[0],,,,[0],,,,,,[8],,,,,,,,,,,,,,,,,[0],,,,,,[0],,,"[1801, '64.11.220.105']",
,,,,,,,,,,,[1],,,,[0],,,,,,[6],,,,,,,,,,,,,,,,,[0],,,,,,[0],,,[479],
,,,,,,,,,,,[0],,,,[0],,,,,,"[1289, '82.255.30.208']",,,,,,,,,,,,,,,,,"[0, '64.11.220.105']",,,,,,[0],,,[105],
,,,,,,,,,,,[0],,,,[0],,,,,,[6],,,,,,,,,,,,,,,,,"[0, '64.11.220.105']",,,,,,[0],,,[619],
,,,,,,,,,,,"[0, ' ']",,,,"[0, '5', '01:0c.0']",,,,,,[1035],,,,,,,,,,,,,,,,,"[0, '64.11.220.105']",,,,,,,,,[252],
,,,,,,,,,,,"[0, '*', '*', '*']",,,,"[0, ' ']",,,,,,[116],,,,,,,,,,,,,,,,,"[0, '64.11.220.105']",,,,,,,,,"[345, '64.11.220.105']",
,,,,,,,,,,,[0],,,,"[0, ' ']",,,,,,[144],,,,,,,,,,,,,,,,,[0],,,,,,,,,[4],
,,,,,,,,,,,[12],,,,[0],,,,,,[1543],,,,,,,,,,,,,,,,,[0],,,,,,,,,[480],
,,,,,,,,,,,[34],,,,"[0, ' ']",,,,,,"[1016, ' ']",,,,,,,,,,,,,,,,,[0],,,,,,,,,"[1320, '64.11.220.105']",
,,,,,,,,,,,[35],,,,[0],,,,,,"[85, '63.126.79.67']",,,,,,,,,,,,,,,,,"[0, '64.11.220.105']",,,,,,,,,[1160],
,,,,,,,,,,,[66],,,,[0],,,,,,"[531, '63.126.79.82']",,,,,,,,,,,,,,,,,"[0, '64.11.220.105']",,,,,,,,,[480],
,,,,,,,,,,,[62],,,,[0],,,,,,"[540, '63.126.79.110']",,,,,,,,,,,,,,,,,[0],,,,,,,,,[1233],
,,,,,,,,,,,[0],,,,[0],,,,,,[1072],,,,,,,,,,,,,,,,,[0],,,,,,,,,[928],
,,,,,,,,,,,[0],,,,[0],,,,,,[1442],,,,,,,,,,,,,,,,,[0],,,,,,,,,[480],
,,,,,,,,,,,[0],,,,[0],,,,,,[825],,,,,,,,,,,,,,,,,[0],,,,,,,,,[1320],
,,,,,,,,,,,[11],,,,[0],,,,,,"[1167, 'Normal', '221']",,,,,,,,,,,,,,,,,[0],,,,,,,,,[1378],
,,,,,,,,,,,[0],,,,[0],,,,,,[322],,,,,,,,,,,,,,,,,[0],,,,,,,,,[480],
,,,,,,,,,,,[0],,,,[0],,,,,,[477],,,,,,,,,,,,,,,,,[0],,,,,,,,,[1320],
,,,,,,,,,,,[0],,,,[0],,,,,,[1185],,,,,,,,,,,,,,,,,[0],,,,,,,,,[1800],
,,,,,,,,,,,[0],,,,[0],,,,,,[1520],,,,,,,,,,,,,,,,,[0],,,,,,,,,[480],
,,,,,,,,,,,[0],,,,[0],,,,,,"[100, 'other', ' ']",,,,,,,,,,,,,,,,,[0],,,,,,,,,[1320],
,,,,,,,,,,,[1],,,,[0],,,,,,"[87, 'local', ' ']",,,,,,,,,,,,,,,,,[0],,,,,,,,,[188],
,,,,,,,,,,,[0],,,,[0],,,,,,"[900, ' ']",,,,,,,,,,,,,,,,,[0],,,,,,,,,[480],
,,,,,,,,,,,[1],,,,[0],,,,,,[150],,,,,,,,,,,,,,,,,[0],,,,,,,,,[1320],
,,,,,,,,,,,[0],,,,[0],,,,,,[69],,,,,,,,,,,,,,,,,[0],,,,,,,,,[620],
,,,,,,,,,,,,,,,,,,,,,[600],,,,,,,,,,,,,,,,,[0],,,,,,,,,[480],
,,,,,,,,,,,,,,,,,,,,,[6],,,,,,,,,,,,,,,,,[0],,,,,,,,,[43],
,,,,,,,,,,,,,,,,,,,,,"[489, 'lo,', '127.0.0.1']",,,,,,,,,,,,,,,,,[0],,,,,,,,,[182],
,,,,,,,,,,,,,,,,,,,,,[1557],,,,,,,,,,,,,,,,,[0],,,,,,,,,[480],
,,,,,,,,,,,,,,,,,,,,,[356],,,,,,,,,,,,,,,,,[0],,,,,,,,,[904],
,,,,,,,,,,,,,,,,,,,,,[7],,,,,,,,,,,,,,,,,[0],,,,,,,,,[1800],
,,,,,,,,,,,,,,,,,,,,,[6],,,,,,,,,,,,,,,,,[0],,,,,,,,,[480],
,,,,,,,,,,,,,,,,,,,,,[10],,,,,,,,,,,,,,,,,[0],,,,,,,,,[1320],
,,,,,,,,,,,,,,,,,,,,,[197],,,,,,,,,,,,,,,,,[0],,,,,,,,,[12],
,,,,,,,,,,,,,,,,,,,,,[1181],,,,,,,,,,,,,,,,,[0],,,,,,,,,[480],
,,,,,,,,,,,,,,,,,,,,,[640],,,,,,,,,,,,,,,,,[0],,,,,,,,,[1321],
,,,,,,,,,,,,,,,,,,,,,[9],,,,,,,,,,,,,,,,,[0],,,,,,,,,[919],
,,,,,,,,,,,,,,,,,,,,,[585],,,,,,,,,,,,,,,,,[0],,,,,,,,,[480],
,,,,,,,,,,,,,,,,,,,,,[23],,,,,,,,,,,,,,,,,[0],,,,,,,,,[1320],
,,,,,,,,,,,,,,,,,,,,,[46],,,,,,,,,,,,,,,,,[0],,,,,,,,,[1800],
,,,,,,,,,,,,,,,,,,,,,[614],,,,,,,,,,,,,,,,,[0],,,,,,,,,[480],
,,,,,,,,,,,,,,,,,,,,,[590],,,,,,,,,,,,,,,,,[0],,,,,,,,,[1320],
,,,,,,,,,,,,,,,,,,,,,[544],,,,,,,,,,,,,,,,,[0],,,,,,,,,[356],
,,,,,,,,,,,,,,,,,,,,,[6],,,,,,,,,,,,,,,,,[0],,,,,,,,,[480],
,,,,,,,,,,,,,,,,,,,,,[6],,,,,,,,,,,,,,,,,[0],,,,,,,,,[1024],
,,,,,,,,,,,,,,,,,,,,,[473],,,,,,,,,,,,,,,,,[0],,,,,,,,,[181],
,,,,,,,,,,,,,,,,,,,,,[214],,,,,,,,,,,,,,,,,[0],,,,,,,,,[480],
,,,,,,,,,,,,,,,,,,,,,[6],,,,,,,,,,,,,,,,,[0],,,,,,,,,[1320],
,,,,,,,,,,,,,,,,,,,,,[1114],,,,,,,,,,,,,,,,,[0],,,,,,,,,[1135],
,,,,,,,,,,,,,,,,,,,,,[177],,,,,,,,,,,,,,,,,[0],,,,,,,,,[22],
,,,,,,,,,,,,,,,,,,,,,[272],,,,,,,,,,,,,,,,,[0],,,,,,,,,[319],
,,,,,,,,,,,,,,,,,,,,,[324],,,,,,,,,,,,,,,,,[0],,,,,,,,,[163],
,,,,,,,,,,,,,,,,,,,,,[10],,,,,,,,,,,,,,,,,[0],,,,,,,,,[480],
,,,,,,,,,,,,,,,,,,,,,[104],,,,,,,,,,,,,,,,,[0],,,,,,,,,[1320],
,,,,,,,,,,,,,,,,,,,,,[118],,,,,,,,,,,,,,,,,[0],,,,,,,,,[1478],
,,,,,,,,,,,,,,,,,,,,,[425],,,,,,,,,,,,,,,,,[0],,,,,,,,,[480],
,,,,,,,,,,,,,,,,,,,,,,,,,,,,,,,,,,,,,,[0],,,,,,,,,[38],
,,,,,,,,,,,,,,,,,,,,,,,,,,,,,,,,,,,,,,"[0, '82.255.30.208']",,,,,,,,,[701],
,,,,,,,,,,,,,,,,,,,,,,,,,,,,,,,,,,,,,,[0],,,,,,,,,[480],
,,,,,,,,,,,,,,,,,,,,,,,,,,,,,,,,,,,,,,[0],,,,,,,,,[654],
,,,,,,,,,,,,,,,,,,,,,,,,,,,,,,,,,,,,,,[0],,,,,,,,,[158],
,,,,,,,,,,,,,,,,,,,,,,,,,,,,,,,,,,,,,,[0],,,,,,,,,[2],
,,,,,,,,,,,,,,,,,,,,,,,,,,,,,,,,,,,,,,[0],,,,,,,,,"[1231, '82.255.30.208']",
,,,,,,,,,,,,,,,,,,,,,,,,,,,,,,,,,,,,,,[0],,,,,,,,,"[511, '82.255.30.208']",
,,,,,,,,,,,,,,,,,,,,,,,,,,,,,,,,,,,,,,[0],,,,,,,,,[480],
,,,,,,,,,,,,,,,,,,,,,,,,,,,,,,,,,,,,,,[0],,,,,,,,,[97],
,,,,,,,,,,,,,,,,,,,,,,,,,,,,,,,,,,,,,,[0],,,,,,,,,[466],
,,,,,,,,,,,,,,,,,,,,,,,,,,,,,,,,,,,,,,[0],,,,,,,,,[480],
,,,,,,,,,,,,,,,,,,,,,,,,,,,,,,,,,,,,,,[0],,,,,,,,,[285],
,,,,,,,,,,,,,,,,,,,,,,,,,,,,,,,,,,,,,,[0],,,,,,,,,[1800],
,,,,,,,,,,,,,,,,,,,,,,,,,,,,,,,,,,,,,,[0],,,,,,,,,[480],
,,,,,,,,,,,,,,,,,,,,,,,,,,,,,,,,,,,,,,[0],,,,,,,,,[1320],
,,,,,,,,,,,,,,,,,,,,,,,,,,,,,,,,,,,,,,[0],,,,,,,,,[1800],
,,,,,,,,,,,,,,,,,,,,,,,,,,,,,,,,,,,,,,[0],,,,,,,,,[3],
,,,,,,,,,,,,,,,,,,,,,,,,,,,,,,,,,,,,,,[0],,,,,,,,,[480],
,,,,,,,,,,,,,,,,,,,,,,,,,,,,,,,,,,,,,,[0],,,,,,,,,[1320],
,,,,,,,,,,,,,,,,,,,,,,,,,,,,,,,,,,,,,,[0],,,,,,,,,[1800],
,,,,,,,,,,,,,,,,,,,,,,,,,,,,,,,,,,,,,,[0],,,,,,,,,[480],
,,,,,,,,,,,,,,,,,,,,,,,,,,,,,,,,,,,,,,[0],,,,,,,,,[304],
,,,,,,,,,,,,,,,,,,,,,,,,,,,,,,,,,,,,,,"[0, ' ']",,,,,,,,,[382],
,,,,,,,,,,,,,,,,,,,,,,,,,,,,,,,,,,,,,,[0],,,,,,,,,[480],
,,,,,,,,,,,,,,,,,,,,,,,,,,,,,,,,,,,,,,[0],,,,,,,,,[1320],
,,,,,,,,,,,,,,,,,,,,,,,,,,,,,,,,,,,,,,"[0, '127.0.0.1']",,,,,,,,,[1800],
,,,,,,,,,,,,,,,,,,,,,,,,,,,,,,,,,,,,,,"[0, '63.126.79.70']",,,,,,,,,"[395, '63.126.79.69']",
,,,,,,,,,,,,,,,,,,,,,,,,,,,,,,,,,,,,,,"[0, '63.126.79.72']",,,,,,,,,"[1320, '63.126.79.71']",
,,,,,,,,,,,,,,,,,,,,,,,,,,,,,,,,,,,,,,"[0, '63.126.79.75']",,,,,,,,,"[1800, '63.126.79.73']",
,,,,,,,,,,,,,,,,,,,,,,,,,,,,,,,,,,,,,,"[0, '63.126.79.81']",,,,,,,,,"[480, '63.126.79.80']",
,,,,,,,,,,,,,,,,,,,,,,,,,,,,,,,,,,,,,,"[0, '63.126.79.84']",,,,,,,,,"[789, '63.126.79.83']",
,,,,,,,,,,,,,,,,,,,,,,,,,,,,,,,,,,,,,,"[0, '63.126.79.87']",,,,,,,,,"[1800, '63.126.79.85']",
,,,,,,,,,,,,,,,,,,,,,,,,,,,,,,,,,,,,,,"[0, '63.126.79.90']",,,,,,,,,"[480, '63.126.79.89']",
,,,,,,,,,,,,,,,,,,,,,,,,,,,,,,,,,,,,,,"[0, '63.126.79.105']",,,,,,,,,"[824, '63.126.79.100']",
,,,,,,,,,,,,,,,,,,,,,,,,,,,,,,,,,,,,,,"[0, '63.126.79.120']",,,,,,,,,"[1260, '63.126.79.115']",
,,,,,,,,,,,,,,,,,,,,,,,,,,,,,,,,,,,,,,[0],,,,,,,,,"[480, '63.126.79.125']",
,,,,,,,,,,,,,,,,,,,,,,,,,,,,,,,,,,,,,,[0],,,,,,,,,"[248, ' ']",
,,,,,,,,,,,,,,,,,,,,,,,,,,,,,,,,,,,,,,[0],,,,,,,,,[358],
,,,,,,,,,,,,,,,,,,,,,,,,,,,,,,,,,,,,,,[0],,,,,,,,,[480],
,,,,,,,,,,,,,,,,,,,,,,,,,,,,,,,,,,,,,,"[0, '0000000000010000', '00000000000f0000']",,,,,,,,,"[555, '00000000000a0000', '0000000000000000']",
,,,,,,,,,,,,,,,,,,,,,,,,,,,,,,,,,,,,,,"[0, '0000000000052000', '0000000007eae000']",,,,,,,,,"[480, '0000000007dae000', '0000000000100000']",
,,,,,,,,,,,,,,,,,,,,,,,,,,,,,,,,,,,,,,"[0, '0000000000500000', '00000000ffb00000']",,,,,,,,,"[1320, '0000000000100000', '0000000007f00000']",
,,,,,,,,,,,,,,,,,,,,,,,,,,,,,,,,,,,,,,[0],,,,,,,,,[1800],
,,,,,,,,,,,,,,,,,,,,,,,,,,,,,,,,,,,,,,[0],,,,,,,,,"[480, 'DMA', '32']",
,,,,,,,,,,,,,,,,,,,,,,,,,,,,,,,,,,,,,,"[0, 'HighMem', '1']",,,,,,,,,[153],
,,,,,,,,,,,,,,,,,,,,,,,,,,,,,,,,,,,,,,[0],,,,,,,,,[1800],
,,,,,,,,,,,,,,,,,,,,,,,,,,,,,,,,,,,,,,[0],,,,,,,,,[480],
,,,,,,,,,,,,,,,,,,,,,,,,,,,,,,,,,,,,,,[0],,,,,,,,,[1320],
,,,,,,,,,,,,,,,,,,,,,,,,,,,,,,,,,,,,,,[0],,,,,,,,,[237],
,,,,,,,,,,,,,,,,,,,,,,,,,,,,,,,,,,,,,,[0],,,,,,,,,[480],
,,,,,,,,,,,,,,,,,,,,,,,,,,,,,,,,,,,,,,[0],,,,,,,,,[1320],
,,,,,,,,,,,,,,,,,,,,,,,,,,,,,,,,,,,,,,[0],,,,,,,,,[1323],
,,,,,,,,,,,,,,,,,,,,,,,,,,,,,,,,,,,,,,[0],,,,,,,,,[480],
,,,,,,,,,,,,,,,,,,,,,,,,,,,,,,,,,,,,,,[0],,,,,,,,,"[135, ' ']",
,,,,,,,,,,,,,,,,,,,,,,,,,,,,,,,,,,,,,,[0],,,,,,,,,[543],
,,,,,,,,,,,,,,,,,,,,,,,,,,,,,,,,,,,,,,[0],,,,,,,,,[291],
,,,,,,,,,,,,,,,,,,,,,,,,,,,,,,,,,,,,,,[0],,,,,,,,,[1320],
,,,,,,,,,,,,,,,,,,,,,,,,,,,,,,,,,,,,,,[0],,,,,,,,,[280],
,,,,,,,,,,,,,,,,,,,,,,,,,,,,,,,,,,,,,,[0],,,,,,,,,[480],
,,,,,,,,,,,,,,,,,,,,,,,,,,,,,,,,,,,,,,"[0, 'usbdevfs']",,,,,,,,,[1320],
,,,,,,,,,,,,,,,,,,,,,,,,,,,,,,,,,,,,,,"[0, '20:53:29', ' ']",,,,,,,,,"[1800, 'hub']",
,,,,,,,,,,,,,,,,,,,,,,,,,,,,,,,,,,,,,,"[0, '11', '00:1f.2']",,,,,,,,,[380],
,,,,,,,,,,,,,,,,,,,,,,,,,,,,,,,,,,,,,,[0],,,,,,,,,[24],
,,,,,,,,,,,,,,,,,,,,,,,,,,,,,,,,,,,,,,[0],,,,,,,,,[120],
,,,,,,,,,,,,,,,,,,,,,,,,,,,,,,,,,,,,,,"[0, ' ']",,,,,,,,,"[1320, ' ']",
,,,,,,,,,,,,,,,,,,,,,,,,,,,,,,,,,,,,,,[0],,,,,,,,,[1800],
,,,,,,,,,,,,,,,,,,,,,,,,,,,,,,,,,,,,,,[0],,,,,,,,,[480],
,,,,,,,,,,,,,,,,,,,,,,,,,,,,,,,,,,,,,,[0],,,,,,,,,[1320],
,,,,,,,,,,,,,,,,,,,,,,,,,,,,,,,,,,,,,,[0],,,,,,,,,[843],
,,,,,,,,,,,,,,,,,,,,,,,,,,,,,,,,,,,,,,[0],,,,,,,,,"[480, ' ']",
,,,,,,,,,,,,,,,,,,,,,,,,,,,,,,,,,,,,,,[0],,,,,,,,,[1320],
,,,,,,,,,,,,,,,,,,,,,,,,,,,,,,,,,,,,,,[0],,,,,,,,,[1650],
,,,,,,,,,,,,,,,,,,,,,,,,,,,,,,,,,,,,,,[0],,,,,,,,,[480],
,,,,,,,,,,,,,,,,,,,,,,,,,,,,,,,,,,,,,,[0],,,,,,,,,[1320],
,,,,,,,,,,,,,,,,,,,,,,,,,,,,,,,,,,,,,,[0],,,,,,,,,[1800],
,,,,,,,,,,,,,,,,,,,,,,,,,,,,,,,,,,,,,,[0],,,,,,,,,[480],
,,,,,,,,,,,,,,,,,,,,,,,,,,,,,,,,,,,,,,[0],,,,,,,,,[1251],
,,,,,,,,,,,,,,,,,,,,,,,,,,,,,,,,,,,,,,"[0, '2.1.8.9']",,,,,,,,,[1800],
,,,,,,,,,,,,,,,,,,,,,,,,,,,,,,,,,,,,,,[0],,,,,,,,,[480],
,,,,,,,,,,,,,,,,,,,,,,,,,,,,,,,,,,,,,,[0],,,,,,,,,[720],
,,,,,,,,,,,,,,,,,,,,,,,,,,,,,,,,,,,,,,[0],,,,,,,,,[700],
,,,,,,,,,,,,,,,,,,,,,,,,,,,,,,,,,,,,,,[0],,,,,,,,,[480],
,,,,,,,,,,,,,,,,,,,,,,,,,,,,,,,,,,,,,,[0],,,,,,,,,[1320],
,,,,,,,,,,,,,,,,,,,,,,,,,,,,,,,,,,,,,,[0],,,,,,,,,[1800],
,,,,,,,,,,,,,,,,,,,,,,,,,,,,,,,,,,,,,,[0],,,,,,,,,[480],
,,,,,,,,,,,,,,,,,,,,,,,,,,,,,,,,,,,,,,"[0, 'eth0:22,', '63.126.79.125']",,,,,,,,,"[61, 'eth0:21,', '63.126.79.120']",
,,,,,,,,,,,,,,,,,,,,,,,,,,,,,,,,,,,,,,[0],,,,,,,,,"[243, ' ', '14:50:09']",
,,,,,,,,,,,,,,,,,,,,,,,,,,,,,,,,,,,,,,[0],,,,,,,,,[480],
,,,,,,,,,,,,,,,,,,,,,,,,,,,,,,,,,,,,,,[0],,,,,,,,,"[382, '0', '224.0.1.1']",
,,,,,,,,,,,,,,,,,,,,,,,,,,,,,,,,,,,,,,[0],,,,,,,,,[1800],
,,,,,,,,,,,,,,,,,,,,,,,,,,,,,,,,,,,,,,[0],,,,,,,,,[124],
,,,,,,,,,,,,,,,,,,,,,,,,,,,,,,,,,,,,,,[0],,,,,,,,,[1320],
,,,,,,,,,,,,,,,,,,,,,,,,,,,,,,,,,,,,,,[0],,,,,,,,,[221],
,,,,,,,,,,,,,,,,,,,,,,,,,,,,,,,,,,,,,,[0],,,,,,,,,[480],
,,,,,,,,,,,,,,,,,,,,,,,,,,,,,,,,,,,,,,[0],,,,,,,,,[181],
,,,,,,,,,,,,,,,,,,,,,,,,,,,,,,,,,,,,,,[0],,,,,,,,,[1800],
,,,,,,,,,,,,,,,,,,,,,,,,,,,,,,,,,,,,,,[0],,,,,,,,,[480],
,,,,,,,,,,,,,,,,,,,,,,,,,,,,,,,,,,,,,,[0],,,,,,,,,[1123],
,,,,,,,,,,,,,,,,,,,,,,,,,,,,,,,,,,,,,,[0],,,,,,,,,[1800],
,,,,,,,,,,,,,,,,,,,,,,,,,,,,,,,,,,,,,,[0],,,,,,,,,[480],
,,,,,,,,,,,,,,,,,,,,,,,,,,,,,,,,,,,,,,[0],,,,,,,,,[139],
,,,,,,,,,,,,,,,,,,,,,,,,,,,,,,,,,,,,,,[0],,,,,,,,,[1800],
,,,,,,,,,,,,,,,,,,,,,,,,,,,,,,,,,,,,,,[0],,,,,,,,,[480],
,,,,,,,,,,,,,,,,,,,,,,,,,,,,,,,,,,,,,,[0],,,,,,,,,[1320],
,,,,,,,,,,,,,,,,,,,,,,,,,,,,,,,,,,,,,,[0],,,,,,,,,[1160],
,,,,,,,,,,,,,,,,,,,,,,,,,,,,,,,,,,,,,,[0],,,,,,,,,[353],
,,,,,,,,,,,,,,,,,,,,,,,,,,,,,,,,,,,,,,[0],,,,,,,,,[1320],
,,,,,,,,,,,,,,,,,,,,,,,,,,,,,,,,,,,,,,[0],,,,,,,,,[1215],
,,,,,,,,,,,,,,,,,,,,,,,,,,,,,,,,,,,,,,[0],,,,,,,,,[457],
,,,,,,,,,,,,,,,,,,,,,,,,,,,,,,,,,,,,,,[0],,,,,,,,,[152],
,,,,,,,,,,,,,,,,,,,,,,,,,,,,,,,,,,,,,,[0],,,,,,,,,[1800],
,,,,,,,,,,,,,,,,,,,,,,,,,,,,,,,,,,,,,,[0],,,,,,,,,[480],
,,,,,,,,,,,,,,,,,,,,,,,,,,,,,,,,,,,,,,[0],,,,,,,,,[1274],
,,,,,,,,,,,,,,,,,,,,,,,,,,,,,,,,,,,,,,[0],,,,,,,,,[1186],
,,,,,,,,,,,,,,,,,,,,,,,,,,,,,,,,,,,,,,[0],,,,,,,,,[480],
,,,,,,,,,,,,,,,,,,,,,,,,,,,,,,,,,,,,,,[0],,,,,,,,,[730],
,,,,,,,,,,,,,,,,,,,,,,,,,,,,,,,,,,,,,,[0],,,,,,,,,[1800],
,,,,,,,,,,,,,,,,,,,,,,,,,,,,,,,,,,,,,,[0],,,,,,,,,[480],
,,,,,,,,,,,,,,,,,,,,,,,,,,,,,,,,,,,,,,[0],,,,,,,,,[776],
,,,,,,,,,,,,,,,,,,,,,,,,,,,,,,,,,,,,,,[0],,,,,,,,,[284],
,,,,,,,,,,,,,,,,,,,,,,,,,,,,,,,,,,,,,,[0],,,,,,,,,[480],
,,,,,,,,,,,,,,,,,,,,,,,,,,,,,,,,,,,,,,[0],,,,,,,,,[1320],
,,,,,,,,,,,,,,,,,,,,,,,,,,,,,,,,,,,,,,[0],,,,,,,,,[1800],
,,,,,,,,,,,,,,,,,,,,,,,,,,,,,,,,,,,,,,[0],,,,,,,,,[480],
,,,,,,,,,,,,,,,,,,,,,,,,,,,,,,,,,,,,,,[0],,,,,,,,,[847],
,,,,,,,,,,,,,,,,,,,,,,,,,,,,,,,,,,,,,,[0],,,,,,,,,[1800],
,,,,,,,,,,,,,,,,,,,,,,,,,,,,,,,,,,,,,,[0],,,,,,,,,[5],
,,,,,,,,,,,,,,,,,,,,,,,,,,,,,,,,,,,,,,[0],,,,,,,,,[197],
,,,,,,,,,,,,,,,,,,,,,,,,,,,,,,,,,,,,,,[0],,,,,,,,,[1800],
,,,,,,,,,,,,,,,,,,,,,,,,,,,,,,,,,,,,,,[0],,,,,,,,,[480],
,,,,,,,,,,,,,,,,,,,,,,,,,,,,,,,,,,,,,,[0],,,,,,,,,[1320],
,,,,,,,,,,,,,,,,,,,,,,,,,,,,,,,,,,,,,,[0],,,,,,,,,[1800],
,,,,,,,,,,,,,,,,,,,,,,,,,,,,,,,,,,,,,,[0],,,,,,,,,[167],
,,,,,,,,,,,,,,,,,,,,,,,,,,,,,,,,,,,,,,[0],,,,,,,,,[236],
,,,,,,,,,,,,,,,,,,,,,,,,,,,,,,,,,,,,,,[0],,,,,,,,,[156],
,,,,,,,,,,,,,,,,,,,,,,,,,,,,,,,,,,,,,,[0],,,,,,,,,[212],
