E15,E14,E31,E19,E18,E21,E35,E6,E41,E45,E42,E11,E22,E38,E34,E30,E28,E17,E10,E27,E9,E5,E12,E13,E20,E32,E47,E26,E16,E0,E2,E29,E40,E3,E33,E44,E23,E25,E43,E24,E48,E4,E39,E8,E37,E1,E36,E7,E46
[145],[386],[33],[0],[18],[40],"[103, 'eth0,', '63.126.79.67']",[0],[441],[371],[626],[47],[83],"[81, ' ']",[343],[0],[409],[14],[58838],[27],[231],[0],[1080],[0],[205],"[1401, ' ', '11:46:36']",[10],[7],[9],[579],[0],[2],[24],[210],[0],[286],[51],[2],[0],[29],[38],[24],[36],[0],[0],[24],[31],[1199],[27]
[25],,,"[0, '64.11.220.105']","[6, '64.11.220.105']",[24],,[0],[3],,,[17],,,[3],[0],[7],[36],[58115],,[5],[304],,,[0],"[19, ' ']",,[1087],,[620],[0],"[1, '64.11.220.105']",,[9],[0],[22],[36],[1],[0],[2],[52],,,[0],[0],[6],[317],[480],
,,,"[0, '64.11.220.105']",[7],,,[0],"[13, '82.255.30.208']",,,[2],,,,[0],[271],[27],[57881],,,[745],,,[391],"[9, ' ']",,[7],,[19],[0],[2],,,"[0, '64.11.220.105']",,,[3],[0],,[73],,,[0],[0],[25],[2],[1320],
,,,[0],[11],,,[0],"[10, '82.255.30.208']",,,[0],,,,[0],[8],[12],[58010],,,[295],,,[0],[10],,[1217],,[81],[0],[1],,,"[0, '64.11.220.105']",,,[7],[0],,[11],,,[0],[0],[24],[18],[1800],
,,,[0],[6],,,[0],"[11, '82.255.30.208']",,,[0],,,,[0],[217],,[232084],,,"[895, ' ']",,,"[3, '64.11.220.105']",[2],,[341],,[30],"[0, '64.11.220.105']",[1],,,[0],,,[3],[0],,[57],,,[0],[0],"[11, '64.11.220.105']",[1047],[480],
,,,[0],[7],,,[0],[6],,,[0],,,,[0],[219],,[58544],,,[104],,,[0],"[2, ' ']",,[8],,[0],[0],[1],,,[0],,,[7],[0],,[63],,,[0],[0],[25],,[1320],
,,,[0],[7],,,[0],[182],,,[0],,,,[0],[11],,[236],,,[611],,,[1584],[2],,[738],,[66],[0],[1],,,[0],,,[2],[0],,[52],,,[0],[0],[9],,[1496],
,,,[0],"[8, '<', '>']",,,[0],[13],,,[98],,,,[0],[26],,[757],,,[1049],,,[0],,,[6],,[411],[0],[1],,,[0],,,[7],[0],,[52],,,[0],[0],[16],,[480],
,,,[0],[8],,,[0],[11],,,[35],,,,[0],[128],,[58467],,,[1242],,,[8],,,[118],,[466],"[0, '64.69.77.49']","[2, 'readIntrThreshold']",,,[0],,,[3],[0],,[52],,,[0],[0],[25],,[1320],
,,,[0],"[17, 'eth0:14,', '63.126.79.89']",,,"[0, 'eth0:7,', '63.126.79.80']",[16],,,[0],,,,[0],[223],,"[58177, 'eth0:2,', '63.126.79.70']",,,[7],,,[0],,,[54],,"[0, 'eth0:1,', '63.126.79.69']",[0],"[2, 'eth0:11,', '63.126.79.84']",,,[0],,,[8],[0],,[61],,,[0],[0],[25],,[826],
,,,"[0, '11:46:36']",[7],,,[0],[41],,,[0],,,,[0],[302],,[58158],,,[941],,,[602],,,[6],,[530],[0],[1],,,[0],,,[3],[0],,"[54, ' ']",,,[0],[0],[6],,[480],
,,,"[0, 'USB', ' ']",[6],,,[0],[1],,,[0],,,,[0],[303],,[231488],,,[101],,,[0],,,[1217],,[17],[0],[2],,,[0],,,[7],[0],,[9],,,[0],[0],[25],,[1320],
,,,[0],,,,,[83],,,[11],,,,[0],[659],,,,,[1079],,,[196],,,[262],,,[0],,,,[0],,,[2],[0],,[272],,,[0],[0],[10],,[1800],
,,,"[0, 'eth0:20,', '63.126.79.115']",,,,,[21],,,[10],,,,[0],[543],,,,,[6],,,[0],,,[2],,,[0],,,,[0],,,[6],[0],,"[61, 'eth0:19,', '63.126.79.110']",,,[0],[0],[25],,[480],
,,,[0],,,,,[6],,,[0],,,,[0],[870],,,,,[1211],,,[184],,,,,,[0],,,,[0],,,[2],[0],,[52],,,[0],[0],"[496, '63.126.79.95']",,[1320],
,,,[0],,,,,[54],,,"[0, '82.255.30.208']",,,,[0],[6],,,,,[359],,,[0],,,,,,"[0, ' ']",,,,"[0, ' ']",,,[7],[0],,[50],,,[0],[0],[10],,[1505],
,,,,,,,,[9],,,"[0, '82.255.30.208']",,,,"[0, '82.255.30.208']",[987],,,,,"[749, '64.11.220.105']",,,[1393],,,,,,[0],,,,"[0, 'proc', ' ']",,,[2],[0],,,,,[0],[0],[24],,[480],
,,,,,,,,[3],,,"[0, '82.255.30.208']",,,,"[0, '82.255.30.208']",[7],,,,,"[11, '64.11.220.105']",,,[0],,,,,,[0],,,,[0],,,[6],"[0, ' ']",,,,,[0],[0],[859],,"[425, ' ']",
,,,,,,,,[12],,,[0],,,,[0],[876],,,,,"[975, '64.11.220.105']",,,[66],,,,,,[0],,,,"[0, 'eth0:12,', '63.126.79.85']",,,"[3, 'eth0:13,', '63.126.79.87']","[0, ' ']",,,,,[0],[0],[12],,"[1800, ' ']",
,,,,,,,,[3],,,"[0, '82.255.30.208']",,,,[0],,,,,,"[1189, '64.11.220.105']",,,"[0, '20:41:30']",,,,,,[0],,,,"[0, 'eth0:16,', '63.126.79.95']",,,"[7, 'eth0:17,', '63.126.79.100']",[0],,,,,"[0, 'eth0:15,', '63.126.79.90']",[0],[3],,[376],
,,,,,,,,[3],,,[0],,,,[0],,,,,,[607],,,[165],,,,,,[0],,,,[0],,,[2],[0],,,,,[0],[0],[24],,[1320],
,,,,,,,,[3],,,[0],,,,[0],,,,,,"[640, '64.11.220.105']",,,[0],,,,,,[0],,,,[0],,,[7],[0],,,,,[0],[0],[10],,[1800],
,,,,,,,,[23],,,[0],,,,[0],,,,,,[59],,,[33],,,,,,[0],,,,[0],,,[3],[0],,,,,[0],[0],"[24, 'eth0: ']",,[480],
,,,,,,,,[7],,,[0],,,,[0],,,,,,[872],,,"[0, 'lo: ']",,,,,,[0],,,,[0],,,[8],[0],,,,,[0],[0],"[0, 'eth0:18,', '63.126.79.105']",,[185],
,,,,,,,,[12],,,[1],,,,[0],,,,,,[422],,,[914],,,,,,[0],,,,,,,,[0],,,,,,[0],[24],,[480],
,,,,,,,,[7],,,[0],,,,[0],,,,,,[184],,,[0],,,,,,[0],,,,,,,,[0],,,,,,[0],[25],,[1320],
,,,,,,,,[12],,,[1],,,,[0],,,,,,[1428],,,[360],,,,,,"[0, 'writeIntrThreshold']",,,,,,,,[0],,,,,,[0],[11],,[751],
,,,,,,,,[147],,,[7],,,,[0],,,,,,[1180],,,[0],,,,,,"[0, 'eth0:8,', '63.126.79.81']",,,,,,,,[0],,,,,,[0],[24],,[480],
,,,,,,,,[95],,,[1],,,,[0],,,,,,[17],,,[175],,,,,,"[0, 'eth0:9,', '63.126.79.82']",,,,,,,,[0],,,,,,[0],[10],,[78],
,,,,,,,,[409],,,[0],,,,[0],,,,,,[931],,,[1],,,,,,"[0, 'eth0:10,', '63.126.79.83']",,,,,,,,[0],,,,,,[0],,,[1800],
,,,,,,,,,,,[0],,,,[0],,,,,,[416],,,,,,,,,[0],,,,,,,,[0],,,,,,[0],,,[480],
,,,,,,,,,,,[0],,,,[0],,,,,,[112],,,,,,,,,[0],,,,,,,,[0],,,,,,[0],,,[897],
,,,,,,,,,,,[0],,,,"[0, ' ']",,,,,,[8],,,,,,,,,[0],,,,,,,,[0],,,,,,[0],,,[1800],
,,,,,,,,,,,[0],,,,[0],,,,,,[1438],,,,,,,,,[0],,,,,,,,[0],,,,,,[0],,,[480],
,,,,,,,,,,,[1],,,,[0],,,,,,[6],,,,,,,,,[0],,,,,,,,[0],,,,,,[0],,,[379],
,,,,,,,,,,,[0],,,,[0],,,,,,[1296],,,,,,,,,[0],,,,,,,,[0],,,,,,[0],,,[1800],
,,,,,,,,,,,[1],,,,[0],,,,,,[6],,,,,,,,,,,,,,,,,[0],,,,,,"[0, 'eth0:3,', '63.126.79.71']",,,[379],
,,,,,,,,,,,[0],,,,[0],,,,,,[37],,,,,,,,,,,,,,,,,[0],,,,,,"[0, 'eth0:4,', '63.126.79.72']",,,[1320],
,,,,,,,,,,,[0],,,,[0],,,,,,[1619],,,,,,,,,,,,,,,,,[0],,,,,,"[0, 'eth0:5,', '63.126.79.73']",,,[436],
,,,,,,,,,,,[0],,,,[0],,,,,,[665],,,,,,,,,,,,,,,,,[0],,,,,,"[0, 'eth0:6,', '63.126.79.75']",,,[480],
,,,,,,,,,,,[0],,,,[0],,,,,,[7],,,,,,,,,,,,,,,,,[0],,,,,,[0],,,[1320],
,,,,,,,,,,,[0],,,,[0],,,,,,[1301],,,,,,,,,,,,,,,,,[0],,,,,,[0],,,[1800],
,,,,,,,,,,,[0],,,,[0],,,,,,[7],,,,,,,,,,,,,,,,,[0],,,,,,[0],,,[480],
,,,,,,,,,,,[0],,,,[0],,,,,,[7],,,,,,,,,,,,,,,,,[0],,,,,,[0],,,[109],
,,,,,,,,,,,[0],,,,[0],,,,,,[8],,,,,,,,,,,,,,,,,[0],,,,,,[0],,,"[1801, '64.11.220.105']",
,,,,,,,,,,,[1],,,,[0],,,,,,[6],,,,,,,,,,,,,,,,,[0],,,,,,[0],,,[479],
,,,,,,,,,,,[0],,,,[0],,,,,,"[1289, '82.255.30.208']",,,,,,,,,,,,,,,,,"[0, '64.11.220.105']",,,,,,[0],,,[105],
,,,,,,,,,,,[0],,,,[0],,,,,,[6],,,,,,,,,,,,,,,,,"[0, '64.11.220.105']",,,,,,[0],,,[619],
,,,,,,,,,,,"[0, ' ']",,,,"[0, '5', '01:0c.0']",,,,,,[1035],,,,,,,,,,,,,,,,,"[0, '64.11.220.105']",,,,,,,,,[252],
,,,,,,,,,,,"[0, '*', '*', '*']",,,,"[0, ' ']",,,,,,[116],,,,,,,,,,,,,,,,,"[0, '64.11.220.105']",,,,,,,,,"[345, '64.11.220.105']",
,,,,,,,,,,,[0],,,,"[0, ' ']",,,,,,[144],,,,,,,,,,,,,,,,,[0],,,,,,,,,[4],
,,,,,,,,,,,[12],,,,[0],,,,,,[1543],,,,,,,,,,,,,,,,,[0],,,,,,,,,[480],
,,,,,,,,,,,[34],,,,"[0, ' ']",,,,,,"[1016, ' ']",,,,,,,,,,,,,,,,,[0],,,,,,,,,"[1320, '64.11.220.105']",
,,,,,,,,,,,[35],,,,[0],,,,,,"[85, '63.126.79.67']",,,,,,,,,,,,,,,,,"[0, '64.11.220.105']",,,,,,,,,[1160],
,,,,,,,,,,,[66],,,,[0],,,,,,"[531, '63.126.79.82']",,,,,,,,,,,,,,,,,"[0, '64.11.220.105']",,,,,,,,,[480],
,,,,,,,,,,,[62],,,,[0],,,,,,"[540, '63.126.79.110']",,,,,,,,,,,,,,,,,[0],,,,,,,,,[1233],
,,,,,,,,,,,[0],,,,[0],,,,,,[1072],,,,,,,,,,,,,,,,,[0],,,,,,,,,[928],
,,,,,,,,,,,[0],,,,[0],,,,,,[1442],,,,,,,,,,,,,,,,,[0],,,,,,,,,[480],
,,,,,,,,,,,[0],,,,[0],,,,,,[825],,,,,,,,,,,,,,,,,[0],,,,,,,,,[1320],
,,,,,,,,,,,[11],,,,[0],,,,,,"[1167, 'Normal', '221']",,,,,,,,,,,,,,,,,[0],,,,,,,,,[1378],
,,,,,,,,,,,[0],,,,[0],,,,,,[322],,,,,,,,,,,,,,,,,[0],,,,,,,,,[480],
,,,,,,,,,,,[0],,,,[0],,,,,,[477],,,,,,,,,,,,,,,,,[0],,,,,,,,,[1320],
,,,,,,,,,,,[0],,,,[0],,,,,,[1185],,,,,,,,,,,,,,,,,[0],,,,,,,,,[1800],
,,,,,,,,,,,[0],,,,[0],,,,,,[1520],,,,,,,,,,,,,,,,,[0],,,,,,,,,[480],
,,,,,,,,,,,[0],,,,[0],,,,,,"[100, 'other', ' ']",,,,,,,,,,,,,,,,,[0],,,,,,,,,[1320],
,,,,,,,,,,,[1],,,,[0],,,,,,"[87, 'local', ' ']",,,,,,,,,,,,,,,,,[0],,,,,,,,,[188],
,,,,,,,,,,,[0],,,,[0],,,,,,"[900, ' ']",,,,,,,,,,,,,,,,,[0],,,,,,,,,[480],
,,,,,,,,,,,[1],,,,[0],,,,,,[150],,,,,,,,,,,,,,,,,[0],,,,,,,,,[1320],
,,,,,,,,,,,[0],,,,[0],,,,,,[69],,,,,,,,,,,,,,,,,[0],,,,,,,,,[620],
,,,,,,,,,,,,,,,,,,,,,[600],,,,,,,,,,,,,,,,,[0],,,,,,,,,[480],
,,,,,,,,,,,,,,,,,,,,,[6],,,,,,,,,,,,,,,,,[0],,,,,,,,,[43],
,,,,,,,,,,,,,,,,,,,,,"[489, 'lo,', '127.0.0.1']",,,,,,,,,,,,,,,,,[0],,,,,,,,,[182],
,,,,,,,,,,,,,,,,,,,,,[1557],,,,,,,,,,,,,,,,,[0],,,,,,,,,[480],
,,,,,,,,,,,,,,,,,,,,,[356],,,,,,,,,,,,,,,,,[0],,,,,,,,,[904],
,,,,,,,,,,,,,,,,,,,,,[7],,,,,,,,,,,,,,,,,[0],,,,,,,,,[1800],
,,,,,,,,,,,,,,,,,,,,,[6],,,,,,,,,,,,,,,,,[0],,,,,,,,,[480],
,,,,,,,,,,,,,,,,,,,,,[10],,,,,,,,,,,,,,,,,[0],,,,,,,,,[1320],
,,,,,,,,,,,,,,,,,,,,,[197],,,,,,,,,,,,,,,,,[0],,,,,,,,,[12],
,,,,,,,,,,,,,,,,,,,,,[1181],,,,,,,,,,,,,,,,,[0],,,,,,,,,[480],
,,,,,,,,,,,,,,,,,,,,,[640],,,,,,,,,,,,,,,,,[0],,,,,,,,,[1321],
,,,,,,,,,,,,,,,,,,,,,[9],,,,,,,,,,,,,,,,,[0],,,,,,,,,[919],
,,,,,,,,,,,,,,,,,,,,,[585],,,,,,,,,,,,,,,,,[0],,,,,,,,,[480],
,,,,,,,,,,,,,,,,,,,,,[23],,,,,,,,,,,,,,,,,[0],,,,,,,,,[1320],
,,,,,,,,,,,,,,,,,,,,,[46],,,,,,,,,,,,,,,,,[0],,,,,,,,,[1800],
,,,,,,,,,,,,,,,,,,,,,[614],,,,,,,,,,,,,,,,,[0],,,,,,,,,[480],
,,,,,,,,,,,,,,,,,,,,,[590],,,,,,,,,,,,,,,,,[0],,,,,,,,,[1320],
,,,,,,,,,,,,,,,,,,,,,[544],,,,,,,,,,,,,,,,,[0],,,,,,,,,[356],
,,,,,,,,,,,,,,,,,,,,,[6],,,,,,,,,,,,,,,,,[0],,,,,,,,,[480],
,,,,,,,,,,,,,,,,,,,,,[6],,,,,,,,,,,,,,,,,[0],,,,,,,,,[1024],
,,,,,,,,,,,,,,,,,,,,,[473],,,,,,,,,,,,,,,,,[0],,,,,,,,,[181],
,,,,,,,,,,,,,,,,,,,,,[214],,,,,,,,,,,,,,,,,[0],,,,,,,,,[480],
,,,,,,,,,,,,,,,,,,,,,[6],,,,,,,,,,,,,,,,,[0],,,,,,,,,[1320],
,,,,,,,,,,,,,,,,,,,,,[1114],,,,,,,,,,,,,,,,,[0],,,,,,,,,[1135],
,,,,,,,,,,,,,,,,,,,,,[177],,,,,,,,,,,,,,,,,[0],,,,,,,,,[22],
,,,,,,,,,,,,,,,,,,,,,[272],,,,,,,,,,,,,,,,,[0],,,,,,,,,[319],
,,,,,,,,,,,,,,,,,,,,,[324],,,,,,,,,,,,,,,,,[0],,,,,,,,,[163],
,,,,,,,,,,,,,,,,,,,,,[10],,,,,,,,,,,,,,,,,[0],,,,,,,,,[480],
,,,,,,,,,,,,,,,,,,,,,[104],,,,,,,,,,,,,,,,,[0],,,,,,,,,[1320],
,,,,,,,,,,,,,,,,,,,,,[118],,,,,,,,,,,,,,,,,[0],,,,,,,,,[1478],
,,,,,,,,,,,,,,,,,,,,,[425],,,,,,,,,,,,,,,,,[0],,,,,,,,,[480],
,,,,,,,,,,,,,,,,,,,,,,,,,,,,,,,,,,,,,,[0],,,,,,,,,[38],
,,,,,,,,,,,,,,,,,,,,,,,,,,,,,,,,,,,,,,"[0, '82.255.30.208']",,,,,,,,,[701],
,,,,,,,,,,,,,,,,,,,,,,,,,,,,,,,,,,,,,,[0],,,,,,,,,[480],
,,,,,,,,,,,,,,,,,,,,,,,,,,,,,,,,,,,,,,[0],,,,,,,,,[654],
,,,,,,,,,,,,,,,,,,,,,,,,,,,,,,,,,,,,,,[0],,,,,,,,,[158],
,,,,,,,,,,,,,,,,,,,,,,,,,,,,,,,,,,,,,,[0],,,,,,,,,[2],
,,,,,,,,,,,,,,,,,,,,,,,,,,,,,,,,,,,,,,[0],,,,,,,,,"[1231, '82.255.30.208']",
,,,,,,,,,,,,,,,,,,,,,,,,,,,,,,,,,,,,,,[0],,,,,,,,,"[511, '82.255.30.208']",
,,,,,,,,,,,,,,,,,,,,,,,,,,,,,,,,,,,,,,[0],,,,,,,,,[480],
,,,,,,,,,,,,,,,,,,,,,,,,,,,,,,,,,,,,,,[0],,,,,,,,,[97],
,,,,,,,,,,,,,,,,,,,,,,,,,,,,,,,,,,,,,,[0],,,,,,,,,[466],
,,,,,,,,,,,,,,,,,,,,,,,,,,,,,,,,,,,,,,[0],,,,,,,,,[480],
,,,,,,,,,,,,,,,,,,,,,,,,,,,,,,,,,,,,,,[0],,,,,,,,,[285],
,,,,,,,,,,,,,,,,,,,,,,,,,,,,,,,,,,,,,,[0],,,,,,,,,[1800],
,,,,,,,,,,,,,,,,,,,,,,,,,,,,,,,,,,,,,,[0],,,,,,,,,[480],
,,,,,,,,,,,,,,,,,,,,,,,,,,,,,,,,,,,,,,[0],,,,,,,,,[1320],
,,,,,,,,,,,,,,,,,,,,,,,,,,,,,,,,,,,,,,[0],,,,,,,,,[1800],
,,,,,,,,,,,,,,,,,,,,,,,,,,,,,,,,,,,,,,[0],,,,,,,,,[3],
,,,,,,,,,,,,,,,,,,,,,,,,,,,,,,,,,,,,,,[0],,,,,,,,,[480],
,,,,,,,,,,,,,,,,,,,,,,,,,,,,,,,,,,,,,,[0],,,,,,,,,[1320],
,,,,,,,,,,,,,,,,,,,,,,,,,,,,,,,,,,,,,,[0],,,,,,,,,[1800],
,,,,,,,,,,,,,,,,,,,,,,,,,,,,,,,,,,,,,,[0],,,,,,,,,[480],
,,,,,,,,,,,,,,,,,,,,,,,,,,,,,,,,,,,,,,[0],,,,,,,,,[304],
,,,,,,,,,,,,,,,,,,,,,,,,,,,,,,,,,,,,,,"[0, ' ']",,,,,,,,,[382],
,,,,,,,,,,,,,,,,,,,,,,,,,,,,,,,,,,,,,,[0],,,,,,,,,[480],
,,,,,,,,,,,,,,,,,,,,,,,,,,,,,,,,,,,,,,[0],,,,,,,,,[1320],
,,,,,,,,,,,,,,,,,,,,,,,,,,,,,,,,,,,,,,"[0, '127.0.0.1']",,,,,,,,,[1800],
,,,,,,,,,,,,,,,,,,,,,,,,,,,,,,,,,,,,,,"[0, '63.126.79.70']",,,,,,,,,"[395, '63.126.79.69']",
,,,,,,,,,,,,,,,,,,,,,,,,,,,,,,,,,,,,,,"[0, '63.126.79.72']",,,,,,,,,"[1320, '63.126.79.71']",
,,,,,,,,,,,,,,,,,,,,,,,,,,,,,,,,,,,,,,"[0, '63.126.79.75']",,,,,,,,,"[1800, '63.126.79.73']",
,,,,,,,,,,,,,,,,,,,,,,,,,,,,,,,,,,,,,,"[0, '63.126.79.81']",,,,,,,,,"[480, '63.126.79.80']",
,,,,,,,,,,,,,,,,,,,,,,,,,,,,,,,,,,,,,,"[0, '63.126.79.84']",,,,,,,,,"[789, '63.126.79.83']",
,,,,,,,,,,,,,,,,,,,,,,,,,,,,,,,,,,,,,,"[0, '63.126.79.87']",,,,,,,,,"[1800, '63.126.79.85']",
,,,,,,,,,,,,,,,,,,,,,,,,,,,,,,,,,,,,,,"[0, '63.126.79.90']",,,,,,,,,"[480, '63.126.79.89']",
,,,,,,,,,,,,,,,,,,,,,,,,,,,,,,,,,,,,,,"[0, '63.126.79.105']",,,,,,,,,"[824, '63.126.79.100']",
,,,,,,,,,,,,,,,,,,,,,,,,,,,,,,,,,,,,,,"[0, '63.126.79.120']",,,,,,,,,"[1260, '63.126.79.115']",
,,,,,,,,,,,,,,,,,,,,,,,,,,,,,,,,,,,,,,[0],,,,,,,,,"[480, '63.126.79.125']",
,,,,,,,,,,,,,,,,,,,,,,,,,,,,,,,,,,,,,,[0],,,,,,,,,"[248, ' ']",
,,,,,,,,,,,,,,,,,,,,,,,,,,,,,,,,,,,,,,[0],,,,,,,,,[358],
,,,,,,,,,,,,,,,,,,,,,,,,,,,,,,,,,,,,,,[0],,,,,,,,,[480],
,,,,,,,,,,,,,,,,,,,,,,,,,,,,,,,,,,,,,,"[0, '0000000000010000', '00000000000f0000']",,,,,,,,,"[555, '00000000000a0000', '0000000000000000']",
,,,,,,,,,,,,,,,,,,,,,,,,,,,,,,,,,,,,,,"[0, '0000000000052000', '0000000007eae000']",,,,,,,,,"[480, '0000000007dae000', '0000000000100000']",
,,,,,,,,,,,,,,,,,,,,,,,,,,,,,,,,,,,,,,"[0, '0000000000500000', '00000000ffb00000']",,,,,,,,,"[1320, '0000000000100000', '0000000007f00000']",
,,,,,,,,,,,,,,,,,,,,,,,,,,,,,,,,,,,,,,[0],,,,,,,,,[1800],
,,,,,,,,,,,,,,,,,,,,,,,,,,,,,,,,,,,,,,[0],,,,,,,,,"[480, 'DMA', '32']",
,,,,,,,,,,,,,,,,,,,,,,,,,,,,,,,,,,,,,,"[0, 'HighMem', '1']",,,,,,,,,[153],
,,,,,,,,,,,,,,,,,,,,,,,,,,,,,,,,,,,,,,[0],,,,,,,,,[1800],
,,,,,,,,,,,,,,,,,,,,,,,,,,,,,,,,,,,,,,[0],,,,,,,,,[480],
,,,,,,,,,,,,,,,,,,,,,,,,,,,,,,,,,,,,,,[0],,,,,,,,,[1320],
,,,,,,,,,,,,,,,,,,,,,,,,,,,,,,,,,,,,,,[0],,,,,,,,,[237],
,,,,,,,,,,,,,,,,,,,,,,,,,,,,,,,,,,,,,,[0],,,,,,,,,[480],
,,,,,,,,,,,,,,,,,,,,,,,,,,,,,,,,,,,,,,[0],,,,,,,,,[1320],
,,,,,,,,,,,,,,,,,,,,,,,,,,,,,,,,,,,,,,[0],,,,,,,,,[1323],
,,,,,,,,,,,,,,,,,,,,,,,,,,,,,,,,,,,,,,[0],,,,,,,,,[480],
,,,,,,,,,,,,,,,,,,,,,,,,,,,,,,,,,,,,,,[0],,,,,,,,,"[135, ' ']",
,,,,,,,,,,,,,,,,,,,,,,,,,,,,,,,,,,,,,,[0],,,,,,,,,[543],
,,,,,,,,,,,,,,,,,,,,,,,,,,,,,,,,,,,,,,[0],,,,,,,,,[291],
,,,,,,,,,,,,,,,,,,,,,,,,,,,,,,,,,,,,,,[0],,,,,,,,,[1320],
,,,,,,,,,,,,,,,,,,,,,,,,,,,,,,,,,,,,,,[0],,,,,,,,,[280],
,,,,,,,,,,,,,,,,,,,,,,,,,,,,,,,,,,,,,,[0],,,,,,,,,[480],
,,,,,,,,,,,,,,,,,,,,,,,,,,,,,,,,,,,,,,"[0, 'usbdevfs']",,,,,,,,,[1320],
,,,,,,,,,,,,,,,,,,,,,,,,,,,,,,,,,,,,,,"[0, '20:53:29', ' ']",,,,,,,,,"[1800, 'hub']",
,,,,,,,,,,,,,,,,,,,,,,,,,,,,,,,,,,,,,,"[0, '11', '00:1f.2']",,,,,,,,,[380],
,,,,,,,,,,,,,,,,,,,,,,,,,,,,,,,,,,,,,,[0],,,,,,,,,[24],
,,,,,,,,,,,,,,,,,,,,,,,,,,,,,,,,,,,,,,[0],,,,,,,,,[120],
,,,,,,,,,,,,,,,,,,,,,,,,,,,,,,,,,,,,,,"[0, ' ']",,,,,,,,,"[1320, ' ']",
,,,,,,,,,,,,,,,,,,,,,,,,,,,,,,,,,,,,,,[0],,,,,,,,,[1800],
,,,,,,,,,,,,,,,,,,,,,,,,,,,,,,,,,,,,,,[0],,,,,,,,,[480],
,,,,,,,,,,,,,,,,,,,,,,,,,,,,,,,,,,,,,,[0],,,,,,,,,[1320],
,,,,,,,,,,,,,,,,,,,,,,,,,,,,,,,,,,,,,,[0],,,,,,,,,[843],
,,,,,,,,,,,,,,,,,,,,,,,,,,,,,,,,,,,,,,[0],,,,,,,,,"[480, ' ']",
,,,,,,,,,,,,,,,,,,,,,,,,,,,,,,,,,,,,,,[0],,,,,,,,,[1320],
,,,,,,,,,,,,,,,,,,,,,,,,,,,,,,,,,,,,,,[0],,,,,,,,,[1650],
,,,,,,,,,,,,,,,,,,,,,,,,,,,,,,,,,,,,,,[0],,,,,,,,,[480],
,,,,,,,,,,,,,,,,,,,,,,,,,,,,,,,,,,,,,,[0],,,,,,,,,[1320],
,,,,,,,,,,,,,,,,,,,,,,,,,,,,,,,,,,,,,,[0],,,,,,,,,[1800],
,,,,,,,,,,,,,,,,,,,,,,,,,,,,,,,,,,,,,,[0],,,,,,,,,[480],
,,,,,,,,,,,,,,,,,,,,,,,,,,,,,,,,,,,,,,[0],,,,,,,,,[1251],
,,,,,,,,,,,,,,,,,,,,,,,,,,,,,,,,,,,,,,"[0, '2.1.8.9']",,,,,,,,,[1800],
,,,,,,,,,,,,,,,,,,,,,,,,,,,,,,,,,,,,,,[0],,,,,,,,,[480],
,,,,,,,,,,,,,,,,,,,,,,,,,,,,,,,,,,,,,,[0],,,,,,,,,[720],
,,,,,,,,,,,,,,,,,,,,,,,,,,,,,,,,,,,,,,[0],,,,,,,,,[700],
,,,,,,,,,,,,,,,,,,,,,,,,,,,,,,,,,,,,,,[0],,,,,,,,,[480],
,,,,,,,,,,,,,,,,,,,,,,,,,,,,,,,,,,,,,,[0],,,,,,,,,[1320],
,,,,,,,,,,,,,,,,,,,,,,,,,,,,,,,,,,,,,,[0],,,,,,,,,[1800],
,,,,,,,,,,,,,,,,,,,,,,,,,,,,,,,,,,,,,,[0],,,,,,,,,[480],
,,,,,,,,,,,,,,,,,,,,,,,,,,,,,,,,,,,,,,"[0, 'eth0:22,', '63.126.79.125']",,,,,,,,,"[61, 'eth0:21,', '63.126.79.120']",
,,,,,,,,,,,,,,,,,,,,,,,,,,,,,,,,,,,,,,[0],,,,,,,,,"[243, ' ', '14:50:09']",
,,,,,,,,,,,,,,,,,,,,,,,,,,,,,,,,,,,,,,[0],,,,,,,,,[480],
,,,,,,,,,,,,,,,,,,,,,,,,,,,,,,,,,,,,,,[0],,,,,,,,,"[382, '0', '224.0.1.1']",
,,,,,,,,,,,,,,,,,,,,,,,,,,,,,,,,,,,,,,[0],,,,,,,,,[1800],
,,,,,,,,,,,,,,,,,,,,,,,,,,,,,,,,,,,,,,[0],,,,,,,,,[124],
,,,,,,,,,,,,,,,,,,,,,,,,,,,,,,,,,,,,,,[0],,,,,,,,,[1320],
,,,,,,,,,,,,,,,,,,,,,,,,,,,,,,,,,,,,,,[0],,,,,,,,,[221],
,,,,,,,,,,,,,,,,,,,,,,,,,,,,,,,,,,,,,,[0],,,,,,,,,[480],
,,,,,,,,,,,,,,,,,,,,,,,,,,,,,,,,,,,,,,[0],,,,,,,,,[181],
,,,,,,,,,,,,,,,,,,,,,,,,,,,,,,,,,,,,,,[0],,,,,,,,,[1800],
,,,,,,,,,,,,,,,,,,,,,,,,,,,,,,,,,,,,,,[0],,,,,,,,,[480],
,,,,,,,,,,,,,,,,,,,,,,,,,,,,,,,,,,,,,,[0],,,,,,,,,[1123],
,,,,,,,,,,,,,,,,,,,,,,,,,,,,,,,,,,,,,,[0],,,,,,,,,[1800],
,,,,,,,,,,,,,,,,,,,,,,,,,,,,,,,,,,,,,,[0],,,,,,,,,[480],
,,,,,,,,,,,,,,,,,,,,,,,,,,,,,,,,,,,,,,[0],,,,,,,,,[139],
,,,,,,,,,,,,,,,,,,,,,,,,,,,,,,,,,,,,,,[0],,,,,,,,,[1800],
,,,,,,,,,,,,,,,,,,,,,,,,,,,,,,,,,,,,,,[0],,,,,,,,,[480],
,,,,,,,,,,,,,,,,,,,,,,,,,,,,,,,,,,,,,,[0],,,,,,,,,[1320],
,,,,,,,,,,,,,,,,,,,,,,,,,,,,,,,,,,,,,,[0],,,,,,,,,[1160],
,,,,,,,,,,,,,,,,,,,,,,,,,,,,,,,,,,,,,,[0],,,,,,,,,[353],
,,,,,,,,,,,,,,,,,,,,,,,,,,,,,,,,,,,,,,[0],,,,,,,,,[1320],
,,,,,,,,,,,,,,,,,,,,,,,,,,,,,,,,,,,,,,[0],,,,,,,,,[1215],
,,,,,,,,,,,,,,,,,,,,,,,,,,,,,,,,,,,,,,[0],,,,,,,,,[457],
,,,,,,,,,,,,,,,,,,,,,,,,,,,,,,,,,,,,,,[0],,,,,,,,,[152],
,,,,,,,,,,,,,,,,,,,,,,,,,,,,,,,,,,,,,,[0],,,,,,,,,[1800],
,,,,,,,,,,,,,,,,,,,,,,,,,,,,,,,,,,,,,,[0],,,,,,,,,[480],
,,,,,,,,,,,,,,,,,,,,,,,,,,,,,,,,,,,,,,[0],,,,,,,,,[1274],
,,,,,,,,,,,,,,,,,,,,,,,,,,,,,,,,,,,,,,[0],,,,,,,,,[1186],
,,,,,,,,,,,,,,,,,,,,,,,,,,,,,,,,,,,,,,[0],,,,,,,,,[480],
,,,,,,,,,,,,,,,,,,,,,,,,,,,,,,,,,,,,,,[0],,,,,,,,,[730],
,,,,,,,,,,,,,,,,,,,,,,,,,,,,,,,,,,,,,,[0],,,,,,,,,[1800],
,,,,,,,,,,,,,,,,,,,,,,,,,,,,,,,,,,,,,,[0],,,,,,,,,[480],
,,,,,,,,,,,,,,,,,,,,,,,,,,,,,,,,,,,,,,[0],,,,,,,,,[776],
,,,,,,,,,,,,,,,,,,,,,,,,,,,,,,,,,,,,,,[0],,,,,,,,,[284],
,,,,,,,,,,,,,,,,,,,,,,,,,,,,,,,,,,,,,,[0],,,,,,,,,[480],
,,,,,,,,,,,,,,,,,,,,,,,,,,,,,,,,,,,,,,[0],,,,,,,,,[1320],
,,,,,,,,,,,,,,,,,,,,,,,,,,,,,,,,,,,,,,[0],,,,,,,,,[1800],
,,,,,,,,,,,,,,,,,,,,,,,,,,,,,,,,,,,,,,[0],,,,,,,,,[480],
,,,,,,,,,,,,,,,,,,,,,,,,,,,,,,,,,,,,,,[0],,,,,,,,,[847],
,,,,,,,,,,,,,,,,,,,,,,,,,,,,,,,,,,,,,,[0],,,,,,,,,[1800],
,,,,,,,,,,,,,,,,,,,,,,,,,,,,,,,,,,,,,,[0],,,,,,,,,[5],
,,,,,,,,,,,,,,,,,,,,,,,,,,,,,,,,,,,,,,[0],,,,,,,,,[197],
,,,,,,,,,,,,,,,,,,,,,,,,,,,,,,,,,,,,,,[0],,,,,,,,,[1800],
,,,,,,,,,,,,,,,,,,,,,,,,,,,,,,,,,,,,,,[0],,,,,,,,,[480],
,,,,,,,,,,,,,,,,,,,,,,,,,,,,,,,,,,,,,,[0],,,,,,,,,[1320],
,,,,,,,,,,,,,,,,,,,,,,,,,,,,,,,,,,,,,,[0],,,,,,,,,[1800],
,,,,,,,,,,,,,,,,,,,,,,,,,,,,,,,,,,,,,,[0],,,,,,,,,[167],
,,,,,,,,,,,,,,,,,,,,,,,,,,,,,,,,,,,,,,[0],,,,,,,,,[236],
,,,,,,,,,,,,,,,,,,,,,,,,,,,,,,,,,,,,,,[0],,,,,,,,,[156],
,,,,,,,,,,,,,,,,,,,,,,,,,,,,,,,,,,,,,,[0],,,,,,,,,[212],
