E25,E0,E13,E4,E7,E1,E8,E11,E15,E3,E6,E5,E16,E22,E21,E12,E23,E17,E10,E18,E19,E9,E20,E2,E24,E14
0,"51657,[144],[32],[59],[175],[2],[19, 9, 42]",31587,"2194,[72],[72]","0,[1, 129],[47, 57]","5624,[152],[45, 32]","0,[72],[72]","898,[4, 8, 5]","1,[152]",0,1,0,18,"0,[52, 135]",5815,6,4669,"42633,[97],[67],[153],[175],[12],[4, 36, 75]",0,4,"2878,[]","1,[52, 191]","0,[49, 76],[1, 79]","0,[1, 148]",2,"2161,[145]"
,"0,[144],[32],[59],[175],[2],[19, 9, 42]",0,"0,[72],[72]","2,[1, 129],[47, 57]","352,[172],[45, 32]","2,[72],[72]",,"0,[172]",,1,1,,"0,[52, 191]",1,5,,"0,[97],[67],[153],[175],[12],[4, 36, 75]",0,9,,"0,[52, 135]","0,[49, 76],[1, 79]","0,[1, 148]",2,
,"0,[144],[32],[59],[175],[2],[19, 9, 42]",2,"0,[72],[72]","1,[1, 129],[47, 57]","4282,[55],[45, 141]","0,[72],[72]",,"160,[55]",,4,1,,"0,[52, 135]",3,5,,"0,[97],[67],[153],[175],[12],[4, 36, 75]",0,7,,"0,[52, 135]","0,[49, 76],[1, 79]","0,[1, 148]",2,
,"0,[144],[32],[59],[175],[2],[19, 9, 42]",2,"0,[72],[72]","0,[1, 129],[47, 57]","7299,[152],[45, 32]","0,[72],[72]",,"1,[152]",,,1,,"0,[52, 191]",1,6,,"0,[97],[67],[153],[175],[12],[4, 36, 75]",0,8,,"0,[52, 191]","0,[49, 76],[1, 79]","0,[1, 148]",1,
,"0,[144],[32],[59],[175],[2],[19, 9, 42]",0,"0,[72],[72]","3867,[1, 89],[47, 55]","371,[172],[45, 32]","0,[72],[72]",,"2,[172]",,,1,,,0,6,,"0,[97],[67],[153],[175],[12],[4, 36, 75]",0,7,,,"0,[49, 76],[1, 79]","0,[1, 148]",1,
,"0,[144],[32],[59],[175],[2],[19, 9, 42]",2,"0,[72],[72]","0,[1, 89],[47, 55]","4040,[152],[45, 32]","0,[72],[72]",,"1,[152]",,,2,,,1,6,,"0,[97],[67],[153],[175],[12],[4, 36, 75]",0,7,,,"0,[49, 76],[1, 79]","0,[1, 148]",1,
,"0,[144],[32],[59],[175],[2],[19, 9, 42]",0,"0,[72],[72]","0,[1, 89],[47, 55]","360,[172],[45, 32]","0,[72],[72]",,"1,[172]",,,0,,,16197,,,"0,[97],[67],[153],[175],[12],[4, 36, 75]",0,,,,"0,[49, 76],[1, 79]","0,[1, 148]",,
,"0,[144],[32],[59],[175],[2],[19, 9, 42]",3,"0,[72],[72]","1,[1, 89],[47, 55]","7279,[152],[45, 32]","0,[72],[72]",,"1,[152]",,,0,,,,,,"0,[97],[67],[153],[175],[12],[4, 36, 75]",0,,,,"0,[49, 76],[1, 79]","0,[1, 148]",,
,"0,[144],[32],[59],[175],[2],[19, 9, 42]",1,,"0,[1, 89],[47, 55]","382,[172],[45, 32]","0,[72],[72]",,"1,[172]",,,1,,,,,,"0,[97],[67],[153],[175],[12],[4, 36, 75]",0,,,,"0,[49, 76],[1, 79]","0,[1, 148]",,
,"0,[144],[32],[59],[175],[2],[19, 9, 42]",0,,"3,[1, 89],[47, 55]","29091,[152],[45, 32]","0,[72],[72]",,"1,[152]",,,1,,,,,,"0,[97],[67],[153],[175],[12],[4, 36, 75]",0,,,,"0,[49, 76],[1, 79]","0,[1, 148]",,
,"0,[144],[32],[59],[175],[2],[19, 9, 42]",2,,"1,[1, 89],[47, 55]","353,[172],[45, 32]","0,[72],[72]",,"1,[172]",,,1,,,,,,"0,[97],[67],[153],[175],[12],[4, 36, 75]",0,,,,"0,[49, 76],[1, 79]","0,[1, 109]",,
,"0,[144],[32],[59],[175],[2],[19, 9, 42]",0,,"3,[1, 89],[47, 55]","85635,[152],[45, 32]","0,[72],[72]",,"1,[152]",,,1,,,,,,"0,[97],[67],[153],[175],[12],[4, 36, 75]",0,,,,"0,[49, 76],[1, 79]","0,[1, 109]",,
,"0,[144],[32],[59],[175],[2],[19, 9, 42]",2,,"1,[1, 89],[47, 55]","367,[172],[45, 32]","0,[72],[72]",,"2,[172]",,,0,,,,,,"0,[97],[67],[153],[175],[12],[4, 36, 75]",0,,,,"0,[49, 76],[1, 79]","0,[1, 109]",,
,"0,[144],[32],[59],[175],[2],[19, 9, 42]",8044,,"0,[1, 89],[47, 55]","2773,[55],[45, 141]","0,[72],[72]",,"331,[55]",,,1,,,,,,"0,[97],[67],[153],[175],[12],[4, 36, 75]",0,,,,"0,[49, 76],[1, 89]","0,[1, 109]",,
,"0,[144],[32],[59],[175],[2],[19, 9, 42]",0,,"5,[1, 89],[47, 55]","6235,[152],[45, 32]","0,[72],[72]",,"1,[152]",,,0,,,,,,"0,[97],[67],[153],[175],[12],[4, 36, 75]",0,,,,"0,[49, 76],[1, 89]","0,[1, 109]",,
,"0,[144],[32],[59],[175],[2],[19, 9, 42]",1,,"170,[1, 89],[47, 55]","336,[172],[45, 32]",,,"1,[172]",,,1,,,,,,"0,[97],[67],[153],[175],[12],[4, 36, 75]",0,,,,"0,[49, 76],[1, 89]","0,[1, 109]",,
,"0,[144],[32],[59],[175],[2],[19, 9, 42]",0,,"6,[1, 89],[47, 55]","86172,[152],[45, 32]",,,"0,[152]",,,1,,,,,,"0,[97],[67],[153],[175],[12],[4, 36, 75]",0,,,,"0,[49, 76],[1, 89]","0,[1, 109]",,
,"0,[144],[32],[59],[175],[2],[19, 9, 42]",1,,"4499,[1, 74],[47, 149]","367,[172],[45, 32]",,,"0,[172]",,,1,,,,,,"1,[97],[67],[153],[175],[12],[4, 36, 70]",0,,,,"0,[49, 76],[1, 89]","0,[1, 109]",,
,"1,[144],[32],[59],[175],[2],[19, 9, 53]",1,,"4105,[1, 168],[47, 57]","1315,[152],[45, 32]",,,"0,[152]",,,1,,,,,,"0,[97],[67],[153],[175],[12],[4, 36, 70]",0,,,,"0,[49, 76],[1, 89]","0,[1, 109]",,
,"0,[144],[32],[59],[175],[2],[19, 9, 53]",0,,"0,[1, 168],[47, 57]","342,[172],[45, 32]",,,"1,[172]",,,1,,,,,,"0,[97],[67],[153],[175],[12],[4, 36, 70]",0,,,,"0,[49, 76],[1, 89]","0,[1, 109]",,
,"0,[144],[32],[59],[175],[2],[19, 9, 53]",1,,"0,[1, 168],[47, 57]","67609,[152],[45, 32]",,,"1,[152]",,,1,,,,,,"0,[97],[67],[153],[175],[12],[4, 36, 70]",0,,,,"0,[49, 76],[1, 89]","0,[1, 167]",,
,"0,[144],[32],[59],[175],[2],[19, 9, 53]",1,,"0,[1, 168],[47, 57]","364,[172],[45, 32]",,,"1,[172]",,,0,,,,,,"0,[97],[67],[153],[175],[12],[4, 36, 70]",0,,,,"0,[49, 76],[1, 89]","0,[1, 167]",,
,"0,[144],[32],[59],[175],[2],[19, 9, 53]",0,,"0,[1, 168],[47, 57]","2856,[152],[45, 32]",,,"1,[152]",,,1,,,,,,"0,[97],[67],[153],[175],[12],[4, 36, 70]",0,,,,"0,[49, 76],[1, 89]","0,[1, 167]",,
,"84341,[144],[32],[153],[175],[23],[13, 100, 25]",94,,"0,[1, 168],[47, 57]","342,[172],[45, 32]",,,"0,[172]",,,1,,,,,,"13333,[63],[156],[153],[175],[12],[10, 10, 18]",,,,,"0,[49, 76],[1, 89]","0,[1, 167]",,
,"0,[144],[32],[153],[175],[23],[13, 100, 25]",3,,"0,[1, 168],[47, 57]","4214,[152],[45, 32]",,,"1,[152]",,,1,,,,,,"0,[63],[156],[153],[175],[12],[10, 10, 18]",,,,,"0,[49, 76],[1, 89]","0,[1, 167]",,
,"0,[144],[32],[153],[175],[23],[13, 100, 25]",18161,,"0,[1, 168],[47, 57]","458,[172],[45, 32]",,,"1,[172]",,,1,,,,,,"0,[63],[156],[153],[175],[12],[10, 10, 18]",,,,,"0,[49, 76],[1, 89]","0,[1, 77]",,
,"0,[144],[32],[153],[175],[23],[13, 100, 25]",0,,"0,[1, 168],[47, 57]","16529,[152],[45, 32]",,,"1,[152]",,,1,,,,,,"0,[63],[156],[153],[175],[12],[10, 10, 18]",,,,,"0,[49, 76],[1, 89]","0,[1, 77]",,
,"0,[144],[32],[153],[175],[23],[13, 100, 25]",0,,"0,[1, 168],[47, 57]","337,[172],[45, 32]",,,"0,[172]",,,1,,,,,,"0,[63],[156],[153],[175],[12],[10, 10, 18]",,,,,"0,[49, 76],[1, 89]","0,[1, 77]",,
,"0,[144],[32],[153],[175],[23],[13, 100, 25]",0,,"312,[1, 148],[47, 57]","32947,[152],[45, 32]",,,"0,[152]",,,0,,,,,,"0,[63],[156],[153],[175],[12],[10, 10, 18]",,,,,"0,[49, 76],[1, 89]","0,[1, 77]",,
,"0,[144],[32],[153],[175],[23],[13, 100, 25]",0,,"0,[1, 148],[47, 57]","368,[172],[45, 32]",,,"1,[172]",,,1,,,,,,"0,[63],[156],[153],[175],[12],[10, 10, 18]",,,,,"0,[49, 76],[1, 89]","0,[1, 77]",,
,"0,[144],[32],[153],[175],[23],[13, 100, 25]",0,,"0,[1, 148],[47, 57]","31123,[152],[45, 32]",,,"0,[152]",,,1,,,,,,"0,[63],[156],[153],[175],[12],[10, 10, 18]",,,,,"0,[49, 76],[1, 89]","0,[1, 77]",,
,"0,[144],[32],[153],[175],[23],[13, 100, 25]",0,,"0,[1, 148],[47, 57]","331,[172],[45, 32]",,,"2,[172]",,,0,,,,,,"0,[63],[156],[153],[175],[12],[10, 10, 18]",,,,,"0,[49, 76],[1, 89]","0,[1, 77]",,
,"0,[144],[32],[153],[175],[23],[13, 100, 25]",0,,"0,[1, 148],[47, 57]","85963,[152],[45, 32]",,,"1,[152]",,,0,,,,,,"0,[63],[156],[153],[175],[12],[10, 10, 18]",,,,,"0,[49, 76],[1, 89]","0,[1, 77]",,
,"0,[144],[32],[153],[175],[23],[13, 100, 25]",0,,"0,[1, 148],[47, 57]","367,[172],[45, 32]",,,"1,[172]",,,1,,,,,,"0,[63],[156],[153],[175],[12],[10, 10, 18]",,,,,"0,[49, 76],[1, 89]","0,[1, 77]",,
,"0,[144],[32],[153],[175],[23],[13, 100, 25]",0,,"0,[1, 148],[47, 57]","71856,[152],[45, 32]",,,"1,[152]",,,1,,,,,,"0,[63],[156],[153],[175],[12],[10, 10, 18]",,,,,"0,[49, 76],[1, 89]","0,[1, 77]",,
,"31534,[95],[32],[165],[175],[16],[12, 11, 6]",11896,,"0,[1, 148],[47, 57]","343,[172],[45, 32]",,,"1,[172]",,,0,,,,,,"0,[63],[156],[153],[175],[12],[10, 10, 18]",,,,,"0,[49, 76],[1, 89]","0,[1, 146]",,
,"0,[95],[32],[165],[175],[16],[12, 11, 6]",1,,"0,[1, 148],[47, 57]","2447,[152],[45, 32]",,,"1,[152]",,,1,,,,,,"0,[63],[156],[153],[175],[12],[10, 10, 18]",,,,,"0,[49, 76],[1, 89]","0,[1, 146]",,
,"0,[95],[32],[165],[175],[16],[12, 11, 6]",0,,"0,[1, 148],[47, 57]","377,[172],[45, 32]",,,"1,[172]",,,1,,,,,,"0,[63],[156],[153],[175],[12],[10, 10, 18]",,,,,"0,[49, 76],[1, 89]","0,[1, 146]",,
,"0,[95],[32],[165],[175],[16],[12, 11, 6]",0,,"24404,[1, 107],[47, 57]","47946,[152],[45, 32]",,,"1,[152]",,,1,,,,,,"0,[63],[156],[153],[175],[12],[10, 10, 18]",,,,,"0,[49, 76],[1, 89]","0,[1, 146]",,
,"0,[95],[32],[165],[175],[16],[12, 11, 6]",0,,"1,[1, 107],[47, 57]","347,[172],[45, 32]",,,"1,[172]",,,,,,,,,"0,[63],[156],[153],[175],[12],[10, 10, 18]",,,,,"0,[49, 76],[1, 89]","0,[1, 146]",,
,"0,[95],[32],[165],[175],[16],[12, 11, 6]",1,,"0,[1, 107],[47, 57]","5006,[55],[45, 141]",,,"0,[55]",,,,,,,,,"0,[63],[156],[153],[175],[12],[10, 10, 18]",,,,,"0,[49, 76],[1, 89]","0,[1, 146]",,
,"0,[95],[32],[165],[175],[16],[12, 11, 6]",0,,"1,[1, 107],[47, 57]","0,[55],[45, 141]",,,"0,[55]",,,,,,,,,"0,[63],[156],[153],[175],[12],[10, 10, 18]",,,,,"0,[49, 76],[1, 89]","0,[1, 146]",,
,"0,[95],[32],[165],[175],[16],[12, 11, 6]",1,,"3,[1, 107],[47, 57]","0,[55],[45, 141]",,,"0,[55]",,,,,,,,,"0,[63],[156],[153],[175],[12],[10, 10, 18]",,,,,"0,[49, 76],[1, 89]","0,[1, 146]",,
,"0,[95],[32],[165],[175],[16],[12, 11, 6]",0,,"2,[1, 107],[47, 57]","0,[55],[45, 141]",,,"0,[55]",,,,,,,,,"0,[63],[156],[153],[175],[12],[10, 10, 18]",,,,,"0,[49, 76],[1, 89]","0,[1, 146]",,
,"0,[95],[32],[165],[175],[16],[12, 11, 6]",1,,"1,[1, 107],[47, 57]","0,[55],[45, 141]",,,"1,[55]",,,,,,,,,"0,[63],[156],[153],[175],[12],[10, 10, 18]",,,,,"0,[49, 76],[1, 89]","0,[1, 146]",,
,"0,[95],[32],[165],[175],[16],[12, 11, 6]",64,,"2,[1, 107],[47, 57]","0,[55],[45, 141]",,,"0,[55]",,,,,,,,,"0,[63],[156],[153],[175],[12],[10, 10, 18]",,,,,"0,[49, 76],[1, 89]","0,[1, 125]",,
,"0,[95],[32],[165],[175],[16],[12, 11, 6]",1,,"1,[1, 107],[47, 57]","0,[55],[45, 141]",,,"0,[55]",,,,,,,,,"3262,[147],[192],[153],[175],[12],[2, 30, 39]",,,,,"0,[49, 76],[1, 89]","0,[1, 125]",,
,"0,[95],[32],[165],[175],[16],[12, 11, 6]",28791,,"4,[1, 107],[47, 57]","0,[55],[45, 141]",,,"0,[55]",,,,,,,,,"0,[147],[192],[153],[175],[12],[2, 30, 39]",,,,,"0,[49, 76],[1, 89]","0,[1, 125]",,
,"0,[95],[32],[165],[175],[16],[12, 11, 6]",0,,"2,[1, 107],[47, 57]","0,[55],[45, 141]",,,"0,[55]",,,,,,,,,"0,[147],[192],[153],[175],[12],[2, 30, 39]",,,,,"0,[49, 76],[1, 89]","0,[1, 125]",,
,"0,[95],[32],[165],[175],[16],[12, 11, 6]",0,,"1,[1, 107],[47, 57]","0,[55],[45, 141]",,,"0,[55]",,,,,,,,,"0,[147],[192],[153],[175],[12],[2, 30, 39]",,,,,"0,[49, 76],[1, 102]","0,[1, 125]",,
,"0,[95],[32],[165],[175],[16],[12, 11, 6]",0,,"2,[1, 107],[47, 57]","13422,[152],[45, 32]",,,"1,[152]",,,,,,,,,"0,[147],[192],[153],[175],[12],[2, 30, 39]",,,,,"0,[49, 76],[1, 102]","0,[1, 125]",,
,"1,[95],[32],[165],[175],[16],[12, 11, 6]",0,,"0,[1, 107],[47, 57]","376,[172],[45, 32]",,,"1,[172]",,,,,,,,,"0,[147],[192],[153],[175],[12],[2, 30, 39]",,,,,"0,[49, 76],[1, 102]","0,[1, 125]",,
,"0,[95],[32],[165],[175],[16],[12, 11, 31]",0,,"27778,[1, 81],[47, 57]","3050,[55],[45, 141]",,,"0,[55]",,,,,,,,,"0,[147],[192],[153],[175],[12],[2, 30, 39]",,,,,"0,[49, 76],[1, 102]","0,[1, 125]",,
,"0,[95],[32],[165],[175],[16],[12, 11, 31]",0,,"0,[1, 81],[47, 57]","0,[55],[45, 141]",,,"0,[55]",,,,,,,,,"0,[147],[192],[153],[175],[12],[2, 30, 39]",,,,,"0,[49, 76],[1, 102]","0,[1, 125]",,
,"0,[95],[32],[165],[175],[16],[12, 11, 31]",0,,"0,[1, 81],[47, 57]","0,[55],[45, 141]",,,"0,[55]",,,,,,,,,"0,[147],[192],[153],[175],[12],[2, 30, 39]",,,,,"0,[49, 76],[1, 102]","0,[1, 125]",,
,"0,[95],[32],[165],[175],[16],[12, 11, 31]",0,,"0,[1, 81],[47, 57]","1,[55],[45, 141]",,,"0,[55]",,,,,,,,,"0,[147],[192],[153],[175],[12],[2, 30, 39]",,,,,"0,[49, 76],[1, 102]","0,[1, 133]",,
,"0,[95],[32],[165],[175],[16],[12, 11, 31]",0,,"0,[1, 81],[47, 57]","4633,[55],[45, 141]",,,"0,[55]",,,,,,,,,"0,[147],[192],[153],[175],[12],[2, 30, 39]",,,,,"0,[49, 76],[1, 102]","0,[1, 133]",,
,"1,[95],[32],[165],[175],[16],[12, 11, 39]",45,,"0,[1, 81],[47, 57]","0,[55],[45, 141]",,,"1,[55]",,,,,,,,,"0,[147],[192],[153],[175],[12],[2, 30, 39]",,,,,"0,[49, 76],[1, 102]","0,[1, 133]",,
,"53039,[182],[32],[158],[175],[24],[17, 22, 46]",1,,"1,[1, 81],[47, 57]","0,[55],[45, 141]",,,"0,[55]",,,,,,,,,"0,[147],[192],[153],[175],[12],[2, 30, 39]",,,,,"0,[49, 76],[1, 102]","0,[1, 133]",,
,"0,[182],[32],[158],[175],[24],[17, 22, 46]",9612,,"0,[1, 81],[47, 57]","0,[55],[45, 141]",,,"0,[55]",,,,,,,,,"0,[147],[192],[153],[175],[12],[2, 30, 39]",,,,,"0,[49, 76],[1, 80]","0,[1, 133]",,
,"0,[182],[32],[158],[175],[24],[17, 22, 46]",0,,"0,[1, 81],[47, 57]","53088,[55],[45, 141]",,,"0,[55]",,,,,,,,,"0,[147],[192],[153],[175],[12],[2, 30, 39]",,,,,"0,[49, 76],[1, 105]","0,[1, 133]",,
,"0,[182],[32],[158],[175],[24],[17, 22, 46]",0,,"0,[1, 81],[47, 57]","0,[55],[45, 141]",,,"0,[55]",,,,,,,,,"0,[147],[192],[153],[175],[12],[2, 30, 39]",,,,,"0,[49, 76],[1, 105]","0,[1, 133]",,
,"0,[182],[32],[158],[175],[24],[17, 22, 46]",1,,"38937,[1, 61],[47, 57]","0,[55],[45, 141]",,,"0,[55]",,,,,,,,,"0,[147],[192],[153],[175],[12],[2, 30, 39]",,,,,"0,[49, 76],[1, 105]","0,[1, 133]",,
,"0,[182],[32],[158],[175],[24],[17, 22, 46]",1,,"0,[1, 61],[47, 57]","0,[55],[45, 141]",,,"0,[55]",,,,,,,,,"0,[147],[192],[153],[175],[12],[2, 30, 39]",,,,,"0,[49, 76],[1, 105]","0,[1, 121]",,
,"0,[182],[32],[158],[175],[24],[17, 22, 46]",1,,"0,[1, 61],[47, 57]","1,[55],[45, 141]",,,"0,[55]",,,,,,,,,"0,[147],[192],[153],[175],[12],[2, 30, 39]",,,,,"0,[49, 76],[1, 105]","0,[1, 121]",,
,"7,[182],[32],[158],[175],[24],[17, 22, 17]",0,,"0,[1, 61],[47, 57]","0,[55],[45, 141]",,,"0,[55]",,,,,,,,,"0,[147],[192],[153],[175],[12],[2, 30, 39]",,,,,"0,[49, 76],[1, 114]","0,[1, 121]",,
,"0,[182],[32],[158],[175],[24],[17, 22, 17]",0,,"0,[1, 61],[47, 57]","0,[55],[45, 141]",,,"0,[55]",,,,,,,,,"0,[147],[192],[153],[175],[12],[2, 30, 39]",,,,,"0,[49, 76],[1, 114]","0,[1, 121]",,
,"0,[182],[32],[158],[175],[24],[17, 22, 17]",1,,"0,[1, 61],[47, 57]","0,[55],[45, 141]",,,"0,[55]",,,,,,,,,"0,[147],[192],[153],[175],[12],[2, 30, 39]",,,,,"0,[49, 76],[1, 114]","0,[1, 121]",,
,"0,[182],[32],[158],[175],[24],[17, 22, 17]",0,,"0,[1, 61],[47, 57]","8549,[152],[45, 32]",,,"0,[152]",,,,,,,,,"0,[147],[192],[153],[175],[12],[2, 30, 39]",,,,,"0,[49, 76],[1, 114]","0,[1, 121]",,
,"0,[182],[32],[158],[175],[24],[17, 22, 17]",18715,,"0,[1, 61],[47, 57]","350,[172],[45, 32]",,,"1,[172]",,,,,,,,,"10635,[92],[116],[158],[175],[34],[9, 9, 19]",,,,,"0,[49, 76],[1, 114]","0,[1, 121]",,
,"0,[182],[32],[158],[175],[24],[17, 22, 17]",0,,"0,[1, 61],[47, 57]","85924,[152],[45, 32]",,,"1,[152]",,,,,,,,,"0,[92],[116],[158],[175],[34],[9, 9, 19]",,,,,"0,[49, 32],[1]","0,[1, 121]",,
,"516,[103],[32],[119],[175],[28],[10, 23, 24]",0,,"0,[1, 61],[47, 57]","357,[172],[45, 32]",,,"1,[172]",,,,,,,,,"0,[92],[116],[158],[175],[34],[9, 9, 19]",,,,,"0,[49, 76],[1, 189]","0,[1, 121]",,
,"0,[103],[32],[119],[175],[28],[10, 23, 24]",0,,"45369,[1, 60],[47, 149]","17217,[152],[45, 32]",,,"1,[152]",,,,,,,,,"0,[92],[116],[158],[175],[34],[9, 9, 19]",,,,,"0,[49, 76],[1, 189]","0,[1, 121]",,
,"0,[103],[32],[119],[175],[28],[10, 23, 24]",0,,"17012,[1, 184],[47, 149]","340,[172],[45, 32]",,,"1,[172]",,,,,,,,,"0,[92],[116],[158],[175],[34],[9, 9, 19]",,,,,"0,[49, 76],[1, 189]","0,[1, 124]",,
,"0,[103],[32],[119],[175],[28],[10, 23, 24]",16552,,"0,[1, 184],[47, 149]","31635,[152],[45, 32]",,,"1,[152]",,,,,,,,,"0,[92],[116],[158],[175],[34],[9, 9, 19]",,,,,"0,[49, 76],[1, 189]","0,[1, 124]",,
,"0,[103],[32],[119],[175],[28],[10, 23, 24]",0,,"0,[1, 184],[47, 149]","371,[172],[45, 32]",,,"1,[172]",,,,,,,,,"2,[92],[116],[158],[175],[34],[9, 9, 4]",,,,,"0,[49, 76],[1, 189]","0,[1, 124]",,
,"0,[103],[32],[119],[175],[28],[10, 23, 24]",0,,"0,[1, 184],[47, 149]","6035,[152],[45, 32]",,,"1,[152]",,,,,,,,,"2,[92],[116],[158],[175],[34],[9, 9, 26]",,,,,"0,[49, 76],[1, 189]","0,[1, 124]",,
,"0,[103],[32],[119],[175],[28],[10, 23, 24]",0,,"0,[1, 184],[47, 149]","333,[172],[45, 32]",,,"1,[172]",,,,,,,,,"1209,[169],[183],[158],[175],[34],[23, 22, 15]",,,,,"0,[49, 76],[1, 189]",,,
,"0,[103],[32],[119],[175],[28],[10, 23, 24]",0,,"0,[1, 184],[47, 149]","36214,[152],[45, 32]",,,"1,[152]",,,,,,,,,"0,[169],[183],[158],[175],[34],[23, 22, 15]",,,,,"0,[49, 76],[1, 189]",,,
,"0,[103],[32],[119],[175],[28],[10, 23, 24]",0,,"66050,[1, 187],[47, 57]","371,[172],[45, 32]",,,"1,[172]",,,,,,,,,"0,[169],[183],[158],[175],[34],[23, 22, 15]",,,,,"0,[49, 76],[1, 189]",,,
,"0,[103],[32],[119],[175],[28],[10, 23, 24]",0,,"0,[1, 187],[47, 57]","11247,[55],[45, 141]",,,"0,[55]",,,,,,,,,"0,[169],[183],[158],[175],[34],[23, 22, 15]",,,,,"0,[49, 76],[1, 189]",,,
,"0,[103],[32],[119],[175],[28],[10, 23, 24]",0,,"9,[1, 187],[47, 57]","0,[55],[45, 141]",,,"0,[55]",,,,,,,,,"0,[169],[183],[158],[175],[34],[23, 22, 15]",,,,,,,,
,"0,[103],[32],[119],[175],[28],[10, 23, 24]",0,,"1,[1, 187],[47, 57]","0,[55],[45, 141]",,,"0,[55]",,,,,,,,,"1,[169],[183],[158],[175],[34],[23, 22, 9]",,,,,,,,
,"0,[103],[32],[119],[175],[28],[10, 23, 24]",0,,"0,[1, 187],[47, 57]","1,[55],[45, 141]",,,"0,[55]",,,,,,,,,"0,[169],[183],[158],[175],[34],[23, 22, 9]",,,,,,,,
,"0,[103],[32],[119],[175],[28],[10, 23, 24]",16526,,"9,[1, 187],[47, 57]","0,[55],[45, 141]",,,"1,[55]",,,,,,,,,"2231,[169],[183],[119],[175],[17],[4, 14, 5]",,,,,,,,
,"0,[103],[32],[119],[175],[28],[10, 23, 24]",0,,"1,[1, 187],[47, 57]","0,[55],[45, 141]",,,"0,[55]",,,,,,,,,"0,[169],[183],[119],[175],[17],[4, 14, 5]",,,,,,,,
,"0,[103],[32],[119],[175],[28],[10, 23, 24]",0,,"0,[1, 187],[47, 57]","3,[57],[157, 45, 32]",,,"175,[57]",,,,,,,,,"0,[169],[183],[119],[175],[17],[4, 14, 5]",,,,,,,,
,"0,[103],[32],[119],[175],[28],[10, 23, 24]",1,,"6,[1, 187],[47, 57]","17669,[152],[45, 32]",,,"0,[152]",,,,,,,,,"0,[169],[183],[119],[175],[17],[4, 14, 5]",,,,,,,,
,"0,[103],[32],[119],[175],[28],[10, 23, 24]",1,,"3,[1, 187],[47, 57]","467,[172],[45, 32]",,,"1,[172]",,,,,,,,,"0,[169],[183],[119],[175],[17],[4, 14, 5]",,,,,,,,
,"36306,[98],[32],[119],[175],[28],[33, 28, 6]",0,,"1,[1, 187],[47, 57]","28167,[152],[45, 32]",,,"1,[152]",,,,,,,,,"0,[169],[183],[119],[175],[17],[4, 14, 5]",,,,,,,,
,"0,[98],[32],[119],[175],[28],[33, 28, 6]",0,,"0,[1, 187],[47, 57]","346,[172],[45, 32]",,,"1,[172]",,,,,,,,,"0,[169],[183],[119],[175],[17],[4, 14, 5]",,,,,,,,
,"0,[98],[32],[119],[175],[28],[33, 28, 6]",0,,"6,[1, 187],[47, 57]","556,[152],[45, 32]",,,"1,[152]",,,,,,,,,"1,[169],[183],[119],[175],[17],[4, 14, 46]",,,,,,,,
,"0,[98],[32],[119],[175],[28],[33, 28, 6]",1,,"3,[1, 187],[47, 57]","361,[172],[45, 32]",,,"0,[172]",,,,,,,,,"0,[169],[183],[119],[175],[17],[4, 14, 46]",,,,,,,,
,"0,[98],[32],[119],[175],[28],[33, 28, 6]",0,,"1,[1, 187],[47, 57]","1004,[152],[45, 32]",,,"1,[152]",,,,,,,,,"0,[169],[183],[119],[175],[17],[4, 14, 46]",,,,,,,,
,"0,[98],[32],[119],[175],[28],[33, 28, 6]",1153,,"0,[1, 187],[47, 57]","332,[172],[45, 32]",,,"1,[172]",,,,,,,,,"0,[169],[183],[119],[175],[17],[4, 14, 46]",,,,,,,,
,"0,[98],[32],[119],[175],[28],[33, 28, 6]",0,,"4,[1, 187],[47, 57]","36317,[152],[45, 32]",,,"1,[152]",,,,,,,,,"0,[169],[183],[119],[175],[17],[4, 14, 46]",,,,,,,,
,"0,[98],[32],[119],[175],[28],[33, 28, 6]",0,,"2,[1, 187],[47, 57]","367,[172],[45, 32]",,,"1,[172]",,,,,,,,,"1,[169],[183],[119],[175],[17],[4, 14, 2]",,,,,,,,
,"0,[98],[32],[119],[175],[28],[33, 28, 6]",0,,"3,[1, 187],[47, 57]","78899,[152],[45, 32]",,,"1,[152]",,,,,,,,,"0,[169],[183],[119],[175],[17],[4, 14, 2]",,,,,,,,
,"1,[98],[32],[119],[175],[28],[33, 28, 31]",0,,"1,[1, 187],[47, 57]","356,[172],[45, 32]",,,"0,[172]",,,,,,,,,"0,[169],[183],[119],[175],[17],[4, 14, 2]",,,,,,,,
,"0,[98],[32],[119],[175],[28],[33, 28, 31]",0,,"0,[1, 187],[47, 57]","47507,[55],[45, 141]",,,"1,[55]",,,,,,,,,"21084,[170],[99],[71],[131],[5, 40, 28]",,,,,,,,
,"0,[98],[32],[119],[175],[28],[33, 28, 31]",0,,"4,[1, 187],[47, 57]","0,[55],[45, 141]",,,"0,[55]",,,,,,,,,"0,[170],[99],[71],[131],[5, 40, 28]",,,,,,,,
,"3,[98],[32],[119],[175],[28],[33, 28, 56]",0,,"2,[1, 187],[47, 57]","0,[55],[45, 141]",,,"0,[55]",,,,,,,,,"0,[170],[99],[71],[131],[5, 40, 28]",,,,,,,,
,"20376,[73],[32],[165],[175],[111],[13, 16, 16]",1,,"44697,[1, 151],[47, 149]","38755,[152],[45, 32]",,,"1,[152]",,,,,,,,,"0,[170],[99],[71],[131],[5, 40, 28]",,,,,,,,
,"0,[73],[32],[165],[175],[111],[13, 16, 16]",0,,"0,[1, 151],[47, 149]","373,[172],[45, 32]",,,"1,[172]",,,,,,,,,"0,[170],[99],[71],[131],[5, 40, 28]",,,,,,,,
,"0,[73],[32],[165],[175],[111],[13, 16, 16]",4422,,"0,[1, 151],[47, 149]","10872,[152],[45, 32]",,,"0,[152]",,,,,,,,,"0,[170],[99],[71],[131],[5, 40, 28]",,,,,,,,
,"0,[73],[32],[165],[175],[111],[13, 16, 16]",1874,,"0,[1, 151],[47, 149]","342,[172],[45, 32]",,,"1,[172]",,,,,,,,,"0,[170],[99],[71],[131],[5, 40, 28]",,,,,,,,
,"0,[73],[32],[165],[175],[111],[13, 16, 16]",0,,"0,[1, 151],[47, 149]","15888,[152],[45, 32]",,,"1,[152]",,,,,,,,,"0,[170],[99],[71],[131],[5, 40, 28]",,,,,,,,
,"0,[73],[32],[165],[175],[111],[13, 16, 16]",0,,"1,[1, 151],[47, 149]","385,[172],[45, 32]",,,"1,[172]",,,,,,,,,"0,[170],[99],[71],[131],[5, 40, 28]",,,,,,,,
,"0,[73],[32],[165],[175],[111],[13, 16, 16]",0,,"0,[1, 151],[47, 149]","96,[152],[45, 32]",,,"1,[152]",,,,,,,,,"0,[170],[99],[71],[131],[5, 40, 28]",,,,,,,,
,"0,[73],[32],[165],[175],[111],[13, 16, 16]",2,,"0,[1, 151],[47, 149]","334,[172],[45, 32]",,,"1,[172]",,,,,,,,,"0,[170],[99],[71],[131],[5, 40, 28]",,,,,,,,
,"0,[73],[32],[165],[175],[111],[13, 16, 16]",0,,"0,[1, 151],[47, 149]","2195,[152],[45, 32]",,,"0,[152]",,,,,,,,,"0,[170],[99],[71],[131],[5, 40, 28]",,,,,,,,
,"0,[73],[32],[165],[175],[111],[13, 16, 16]",0,,"2,[1, 151],[47, 149]","364,[172],[45, 32]",,,"1,[172]",,,,,,,,,"0,[170],[99],[71],[131],[5, 40, 28]",,,,,,,,
,"0,[73],[32],[165],[175],[111],[13, 16, 16]",0,,"69414,[1, 83],[47, 57]","18136,[152],[45, 32]",,,"1,[152]",,,,,,,,,"0,[170],[99],[71],[131],[5, 40, 28]",,,,,,,,
,"0,[73],[32],[165],[175],[111],[13, 16, 16]",0,,"0,[1, 83],[47, 57]","343,[172],[45, 32]",,,"1,[172]",,,,,,,,,"0,[170],[99],[71],[131],[5, 40, 28]",,,,,,,,
,"0,[73],[32],[165],[175],[111],[13, 16, 16]",0,,"1,[1, 83],[47, 57]","73761,[152],[45, 32]",,,"1,[152]",,,,,,,,,"0,[170],[99],[71],[131],[5, 40, 28]",,,,,,,,
,"0,[73],[32],[165],[175],[111],[13, 16, 16]",2631,,"0,[1, 83],[47, 57]","383,[172],[45, 32]",,,"1,[172]",,,,,,,,,"0,[170],[99],[71],[131],[5, 40, 28]",,,,,,,,
,"0,[73],[32],[165],[175],[111],[13, 16, 16]",0,,"0,[1, 83],[47, 57]",,,,,,,,,,,,,"0,[170],[99],[71],[131],[5, 40, 28]",,,,,,,,
,"0,[73],[32],[165],[175],[111],[13, 16, 16]",0,,"0,[1, 83],[47, 57]",,,,,,,,,,,,,"0,[170],[99],[71],[131],[5, 40, 28]",,,,,,,,
,"0,[73],[32],[165],[175],[111],[13, 16, 16]",0,,"1,[1, 83],[47, 57]",,,,,,,,,,,,,"0,[170],[99],[71],[131],[5, 40, 28]",,,,,,,,
,"0,[73],[32],[165],[175],[111],[13, 16, 16]",0,,"0,[1, 83],[47, 57]",,,,,,,,,,,,,"0,[170],[99],[71],[131],[5, 40, 28]",,,,,,,,
,"0,[73],[32],[165],[175],[111],[13, 16, 16]",31147,,"0,[1, 83],[47, 57]",,,,,,,,,,,,,"0,[170],[99],[71],[131],[5, 40, 28]",,,,,,,,
,"0,[73],[32],[165],[175],[111],[13, 16, 16]",3,,"14200,[1, 160],[47, 57]",,,,,,,,,,,,,"0,[170],[99],[71],[131],[5, 40, 28]",,,,,,,,
,"0,[73],[32],[165],[175],[111],[13, 16, 16]",0,,"2,[1, 160],[47, 57]",,,,,,,,,,,,,"47444,[132],[162],[71],[131],[8, 11, 10]",,,,,,,,
,"0,[73],[32],[165],[175],[111],[13, 16, 16]",0,,"0,[1, 160],[47, 57]",,,,,,,,,,,,,"0,[132],[162],[71],[131],[8, 11, 10]",,,,,,,,
,"1,[73],[32],[165],[175],[111],[13, 16, 8]",0,,"0,[1, 160],[47, 57]",,,,,,,,,,,,,"0,[132],[162],[71],[131],[8, 11, 10]",,,,,,,,
,"2381,[193],[32],[165],[175],[111],[5, 7, 36]",0,,"0,[1, 160],[47, 57]",,,,,,,,,,,,,"0,[132],[162],[71],[131],[8, 11, 10]",,,,,,,,
,"0,[193],[32],[165],[175],[111],[5, 7, 36]",0,,"14483,[1, 115],[47, 57]",,,,,,,,,,,,,"0,[132],[162],[71],[131],[8, 11, 10]",,,,,,,,
,"0,[193],[32],[165],[175],[111],[5, 7, 36]",0,,"0,[1, 115],[47, 57]",,,,,,,,,,,,,"0,[132],[162],[71],[131],[8, 11, 10]",,,,,,,,
,"0,[193],[32],[165],[175],[111],[5, 7, 36]",339,,"0,[1, 115],[47, 57]",,,,,,,,,,,,,"0,[132],[162],[71],[131],[8, 11, 10]",,,,,,,,
,"0,[193],[32],[165],[175],[111],[5, 7, 36]",0,,"0,[1, 115],[47, 57]",,,,,,,,,,,,,"0,[132],[162],[71],[131],[8, 11, 10]",,,,,,,,
,"0,[193],[32],[165],[175],[111],[5, 7, 36]",0,,"1,[1, 115],[47, 57]",,,,,,,,,,,,,"0,[132],[162],[71],[131],[8, 11, 10]",,,,,,,,
,"4,[193],[32],[165],[175],[111],[5, 7, 40]",10,,"1,[1, 115],[47, 57]",,,,,,,,,,,,,"0,[132],[162],[71],[131],[8, 11, 10]",,,,,,,,
,"1,[193],[32],[165],[175],[111],[5, 7, 15]",0,,"2,[1, 115],[47, 57]",,,,,,,,,,,,,"0,[132],[162],[71],[131],[8, 11, 10]",,,,,,,,
,"0,[193],[32],[165],[175],[111],[5, 7, 15]",0,,"1,[1, 115],[47, 57]",,,,,,,,,,,,,"0,[132],[162],[71],[131],[8, 11, 10]",,,,,,,,
,"0,[193],[32],[165],[175],[111],[5, 7, 15]",0,,"1,[1, 115],[47, 57]",,,,,,,,,,,,,"0,[132],[162],[71],[131],[8, 11, 10]",,,,,,,,
,"2,[193],[32],[165],[175],[111],[5, 7, 14]",0,,"46096,[1, 110],[47, 57]",,,,,,,,,,,,,"0,[132],[162],[71],[131],[8, 11, 10]",,,,,,,,
,"0,[193],[32],[165],[175],[111],[5, 7, 14]",0,,"0,[1, 110],[47, 57]",,,,,,,,,,,,,"0,[132],[162],[71],[131],[8, 11, 10]",,,,,,,,
,"0,[193],[32],[165],[175],[111],[5, 7, 14]",0,,"1,[1, 110],[47, 57]",,,,,,,,,,,,,"0,[132],[162],[71],[131],[8, 11, 10]",,,,,,,,
,"2,[193],[32],[165],[175],[111],[5, 7, 5]",34018,,"3,[1, 110],[47, 57]",,,,,,,,,,,,,"0,[132],[162],[71],[131],[8, 11, 10]",,,,,,,,
,"2,[193],[32],[165],[175],[111],[5, 7, 2]",0,,"2,[1, 110],[47, 57]",,,,,,,,,,,,,"0,[132],[162],[71],[131],[8, 11, 10]",,,,,,,,
,"0,[193],[32],[165],[175],[111],[5, 7, 2]",5,,"1,[1, 110],[47, 57]",,,,,,,,,,,,,"0,[132],[162],[71],[131],[8, 11, 10]",,,,,,,,
,"1,[193],[32],[165],[175],[111],[5, 7, 12]",3,,"0,[1, 110],[47, 57]",,,,,,,,,,,,,"0,[132],[162],[71],[131],[8, 11, 10]",,,,,,,,
,"2,[193],[32],[165],[175],[111],[5, 7, 21]",1,,"2,[1, 110],[47, 57]",,,,,,,,,,,,,"0,[132],[162],[71],[131],[8, 11, 10]",,,,,,,,
,"2,[193],[32],[165],[175],[111],[5, 7, 34]",22184,,"0,[1, 110],[47, 57]",,,,,,,,,,,,,"0,[132],[162],[71],[131],[8, 11, 10]",,,,,,,,
,"0,[193],[32],[165],[175],[111],[5, 7, 34]",2,,"0,[1, 110],[47, 57]",,,,,,,,,,,,,"0,[132],[162],[71],[131],[8, 11, 10]",,,,,,,,
,"1,[193],[32],[165],[175],[111],[5, 7, 17]",1,,"21529,[1, 161],[47, 57]",,,,,,,,,,,,,"11970,[117],[163],[150],[139],[2, 27, 18]",,,,,,,,
,"2,[193],[32],[165],[175],[111],[5, 7, 23]",1,,"0,[1, 161],[47, 57]",,,,,,,,,,,,,"0,[117],[163],[150],[139],[2, 27, 18]",,,,,,,,
,"1,[193],[32],[165],[175],[111],[5, 7, 20]",26675,,"0,[1, 161],[47, 57]",,,,,,,,,,,,,"0,[117],[163],[150],[139],[2, 27, 18]",,,,,,,,
,"9145,[122],[32],[165],[175],[111],[3, 18, 44]",67915,,"0,[1, 161],[47, 57]",,,,,,,,,,,,,"0,[117],[163],[150],[139],[2, 27, 18]",,,,,,,,
,"0,[122],[32],[165],[175],[111],[3, 18, 44]",0,,"0,[1, 161],[47, 57]",,,,,,,,,,,,,"0,[117],[163],[150],[139],[2, 27, 18]",,,,,,,,
,"0,[122],[32],[165],[175],[111],[3, 18, 44]",0,,"0,[1, 161],[47, 57]",,,,,,,,,,,,,"0,[117],[163],[150],[139],[2, 27, 18]",,,,,,,,
,"0,[122],[32],[165],[175],[111],[3, 18, 44]",0,,"0,[1, 161],[47, 57]",,,,,,,,,,,,,"0,[117],[163],[150],[139],[2, 27, 18]",,,,,,,,
,"0,[122],[32],[165],[175],[111],[3, 18, 44]",1,,"1,[1, 161],[47, 57]",,,,,,,,,,,,,"0,[117],[163],[150],[139],[2, 27, 18]",,,,,,,,
,"0,[122],[32],[165],[175],[111],[3, 18, 44]",1,,"0,[1, 161],[47, 57]",,,,,,,,,,,,,"0,[117],[163],[150],[139],[2, 27, 18]",,,,,,,,
,"0,[122],[32],[165],[175],[111],[3, 18, 44]",0,,"0,[1, 161],[47, 57]",,,,,,,,,,,,,"0,[117],[163],[150],[139],[2, 27, 18]",,,,,,,,
,"10503,[82],[32],[188],[130],[9, 29, 6]",0,,"5012,[1, 143],[47, 57]",,,,,,,,,,,,,"0,[117],[163],[150],[139],[2, 27, 18]",,,,,,,,
,"0,[82],[32],[188],[130],[9, 29, 6]",0,,"2,[1, 143],[47, 57]",,,,,,,,,,,,,"0,[117],[163],[150],[139],[2, 27, 18]",,,,,,,,
,"0,[82],[32],[188],[130],[9, 29, 6]",0,,"2,[1, 143],[47, 57]",,,,,,,,,,,,,"0,[117],[163],[150],[139],[2, 27, 18]",,,,,,,,
,"0,[82],[32],[188],[130],[9, 29, 6]",,,"2,[1, 143],[47, 57]",,,,,,,,,,,,,"0,[117],[163],[150],[139],[2, 27, 18]",,,,,,,,
,"0,[82],[32],[188],[130],[9, 29, 6]",,,"0,[1, 143],[47, 57]",,,,,,,,,,,,,"0,[117],[163],[150],[139],[2, 27, 18]",,,,,,,,
,"0,[82],[32],[188],[130],[9, 29, 6]",,,"2,[1, 143],[47, 57]",,,,,,,,,,,,,"0,[117],[163],[150],[139],[2, 27, 18]",,,,,,,,
,"0,[82],[32],[188],[130],[9, 29, 6]",,,"1,[1, 143],[47, 57]",,,,,,,,,,,,,"0,[117],[163],[150],[139],[2, 27, 18]",,,,,,,,
,"0,[82],[32],[188],[130],[9, 29, 6]",,,"1,[1, 143],[47, 57]",,,,,,,,,,,,,"0,[117],[163],[150],[139],[2, 27, 18]",,,,,,,,
,"0,[82],[32],[188],[130],[9, 29, 6]",,,"0,[1, 143],[47, 57]",,,,,,,,,,,,,"0,[117],[163],[150],[139],[2, 27, 18]",,,,,,,,
,"0,[82],[32],[188],[130],[9, 29, 6]",,,"2,[1, 143],[47, 57]",,,,,,,,,,,,,"0,[117],[163],[150],[139],[2, 27, 18]",,,,,,,,
,"0,[82],[32],[188],[130],[9, 29, 6]",,,"0,[1, 143],[47, 57]",,,,,,,,,,,,,"0,[117],[163],[150],[139],[2, 27, 18]",,,,,,,,
,"0,[82],[32],[188],[130],[9, 29, 6]",,,"1,[1, 143],[47, 57]",,,,,,,,,,,,,"0,[117],[163],[150],[139],[2, 27, 18]",,,,,,,,
,"0,[82],[32],[188],[130],[9, 29, 6]",,,"4,[1, 143],[47, 57]",,,,,,,,,,,,,"0,[117],[163],[150],[139],[2, 27, 18]",,,,,,,,
,"0,[82],[32],[188],[130],[9, 29, 6]",,,"22459,[1, 118],[47, 57]",,,,,,,,,,,,,"11945,[179],[181],[178],[128],[16, 37, 33]",,,,,,,,
,"0,[82],[32],[188],[130],[9, 29, 6]",,,"0,[1, 118],[47, 57]",,,,,,,,,,,,,"0,[179],[181],[178],[128],[16, 37, 33]",,,,,,,,
,"0,[82],[32],[188],[130],[9, 29, 6]",,,"0,[1, 118],[47, 57]",,,,,,,,,,,,,"0,[179],[181],[178],[128],[16, 37, 33]",,,,,,,,
,"0,[82],[32],[188],[130],[9, 29, 6]",,,"1,[1, 118],[47, 57]",,,,,,,,,,,,,"0,[179],[181],[178],[128],[16, 37, 33]",,,,,,,,
,"0,[82],[32],[188],[130],[9, 29, 6]",,,"0,[1, 118],[47, 57]",,,,,,,,,,,,,"0,[179],[181],[178],[128],[16, 37, 33]",,,,,,,,
,"0,[82],[32],[188],[130],[9, 29, 6]",,,"2,[1, 118],[47, 57]",,,,,,,,,,,,,"0,[179],[181],[178],[128],[16, 37, 33]",,,,,,,,
,"0,[82],[32],[188],[130],[9, 29, 6]",,,"1,[1, 118],[47, 57]",,,,,,,,,,,,,"3,[179],[181],[178],[128],[16, 37, 16]",,,,,,,,
,"0,[82],[32],[188],[130],[9, 29, 6]",,,"0,[1, 118],[47, 57]",,,,,,,,,,,,,"0,[179],[181],[178],[128],[16, 37, 16]",,,,,,,,
,"0,[82],[32],[188],[130],[9, 29, 6]",,,"1,[1, 118],[47, 57]",,,,,,,,,,,,,"0,[179],[181],[178],[128],[16, 37, 16]",,,,,,,,
,"0,[82],[32],[188],[130],[9, 29, 6]",,,"2,[1, 118],[47, 57]",,,,,,,,,,,,,"0,[179],[181],[178],[128],[16, 37, 16]",,,,,,,,
,"944,[174],[32],[112],[159],[12, 27, 20]",,,"4390,[1, 90],[47, 57]",,,,,,,,,,,,,"0,[179],[181],[178],[128],[16, 37, 16]",,,,,,,,
,"0,[174],[32],[112],[159],[12, 27, 20]",,,"0,[1, 90],[47, 57]",,,,,,,,,,,,,"0,[179],[181],[178],[128],[16, 37, 16]",,,,,,,,
,"0,[174],[32],[112],[159],[12, 27, 20]",,,"9,[1, 90],[47, 57]",,,,,,,,,,,,,"0,[179],[181],[178],[128],[16, 37, 16]",,,,,,,,
,"0,[174],[32],[112],[159],[12, 27, 20]",,,"0,[1, 90],[47, 57]",,,,,,,,,,,,,"0,[179],[181],[178],[128],[16, 37, 16]",,,,,,,,
,"0,[174],[32],[112],[159],[12, 27, 20]",,,"4,[1, 90],[47, 57]",,,,,,,,,,,,,"0,[179],[181],[178],[128],[16, 37, 16]",,,,,,,,
,"0,[174],[32],[112],[159],[12, 27, 20]",,,"7495,[1, 118],[47, 57]",,,,,,,,,,,,,"0,[179],[181],[178],[128],[16, 37, 16]",,,,,,,,
,"0,[174],[32],[112],[159],[12, 27, 20]",,,"0,[1, 118],[47, 57]",,,,,,,,,,,,,"0,[179],[181],[178],[128],[16, 37, 16]",,,,,,,,
,"0,[174],[32],[112],[159],[12, 27, 20]",,,"2,[1, 118],[47, 57]",,,,,,,,,,,,,"0,[179],[181],[178],[128],[16, 37, 16]",,,,,,,,
,"0,[174],[32],[112],[159],[12, 27, 20]",,,"0,[1, 118],[47, 57]",,,,,,,,,,,,,"0,[179],[181],[178],[128],[16, 37, 16]",,,,,,,,
,"0,[174],[32],[112],[159],[12, 27, 20]",,,"0,[1, 118],[47, 57]",,,,,,,,,,,,,"0,[179],[181],[178],[128],[16, 37, 16]",,,,,,,,
,"0,[174],[32],[112],[159],[12, 27, 20]",,,"1,[1, 118],[47, 57]",,,,,,,,,,,,,"0,[179],[181],[178],[128],[16, 37, 16]",,,,,,,,
,"0,[174],[32],[112],[159],[12, 27, 20]",,,"0,[1, 118],[47, 57]",,,,,,,,,,,,,"0,[179],[181],[178],[128],[16, 37, 16]",,,,,,,,
,"0,[174],[32],[112],[159],[12, 27, 20]",,,"1,[1, 118],[47, 57]",,,,,,,,,,,,,"0,[179],[181],[178],[128],[16, 37, 16]",,,,,,,,
,"2,[174],[32],[112],[159],[12, 27, 8]",,,"0,[1, 118],[47, 57]",,,,,,,,,,,,,"11617,[68],[120],[59],[138],[5],[9, 24, 24]",,,,,,,,
,"0,[174],[32],[112],[159],[12, 27, 8]",,,"3,[1, 118],[47, 57]",,,,,,,,,,,,,"0,[68],[120],[59],[138],[5],[9, 24, 24]",,,,,,,,
,"0,[174],[32],[112],[159],[12, 27, 8]",,,"6117,[1, 90],[47, 57]",,,,,,,,,,,,,"0,[68],[120],[59],[138],[5],[9, 24, 24]",,,,,,,,
,"0,[174],[32],[112],[159],[12, 27, 8]",,,"0,[1, 90],[47, 57]",,,,,,,,,,,,,"0,[68],[120],[59],[138],[5],[9, 24, 24]",,,,,,,,
,"0,[174],[32],[112],[159],[12, 27, 8]",,,"0,[1, 90],[47, 57]",,,,,,,,,,,,,"0,[68],[120],[59],[138],[5],[9, 24, 24]",,,,,,,,
,"0,[174],[32],[112],[159],[12, 27, 8]",,,"1,[1, 90],[47, 57]",,,,,,,,,,,,,"0,[68],[120],[59],[138],[5],[9, 24, 24]",,,,,,,,
,"0,[174],[32],[112],[159],[12, 27, 8]",,,"0,[1, 90],[47, 57]",,,,,,,,,,,,,"0,[68],[120],[59],[138],[5],[9, 24, 24]",,,,,,,,
,"0,[174],[32],[112],[159],[12, 27, 8]",,,"0,[1, 90],[47, 57]",,,,,,,,,,,,,"0,[68],[120],[59],[138],[5],[9, 24, 24]",,,,,,,,
,"0,[174],[32],[112],[159],[12, 27, 8]",,,"1,[1, 90],[47, 57]",,,,,,,,,,,,,"0,[68],[120],[59],[138],[5],[9, 24, 24]",,,,,,,,
,"0,[174],[32],[112],[159],[12, 27, 8]",,,"0,[1, 90],[47, 57]",,,,,,,,,,,,,"0,[68],[120],[59],[138],[5],[9, 24, 24]",,,,,,,,
,"49932,[94],[32],[84],[78],[17, 19, 113]",,,"1,[1, 90],[47, 57]",,,,,,,,,,,,,"0,[68],[120],[59],[138],[5],[9, 24, 24]",,,,,,,,
,"0,[94],[32],[84],[78],[17, 19, 113]",,,"0,[1, 90],[47, 57]",,,,,,,,,,,,,"10,[68],[120],[59],[138],[5],[9, 24, 56]",,,,,,,,
,"0,[94],[32],[84],[78],[17, 19, 113]",,,"19460,[1, 185],[47, 57]",,,,,,,,,,,,,"0,[68],[120],[59],[138],[5],[9, 24, 56]",,,,,,,,
,"0,[94],[32],[84],[78],[17, 19, 113]",,,"1,[1, 185],[47, 57]",,,,,,,,,,,,,"0,[68],[120],[59],[138],[5],[9, 24, 56]",,,,,,,,
,"0,[94],[32],[84],[78],[17, 19, 113]",,,"4,[1, 185],[47, 57]",,,,,,,,,,,,,"0,[68],[120],[59],[138],[5],[9, 24, 56]",,,,,,,,
,"0,[94],[32],[84],[78],[17, 19, 113]",,,"22984,[1, 64],[47, 57]",,,,,,,,,,,,,"0,[68],[120],[59],[138],[5],[9, 24, 56]",,,,,,,,
,"0,[94],[32],[84],[78],[17, 19, 113]",,,"0,[1, 64],[47, 57]",,,,,,,,,,,,,"0,[68],[120],[59],[138],[5],[9, 24, 56]",,,,,,,,
,"0,[94],[32],[84],[78],[17, 19, 113]",,,"1,[1, 64],[47, 57]",,,,,,,,,,,,,"0,[68],[120],[59],[138],[5],[9, 24, 56]",,,,,,,,
,"0,[94],[32],[84],[78],[17, 19, 113]",,,"2,[1, 64],[47, 57]",,,,,,,,,,,,,"0,[68],[120],[59],[138],[5],[9, 24, 56]",,,,,,,,
,"0,[94],[32],[84],[78],[17, 19, 113]",,,"0,[1, 64],[47, 57]",,,,,,,,,,,,,"0,[68],[120],[59],[138],[5],[9, 24, 56]",,,,,,,,
,"0,[94],[32],[84],[78],[17, 19, 113]",,,"1,[1, 64],[47, 57]",,,,,,,,,,,,,"0,[68],[120],[59],[138],[5],[9, 24, 56]",,,,,,,,
,"0,[94],[32],[84],[78],[17, 19, 113]",,,"2,[1, 64],[47, 57]",,,,,,,,,,,,,"0,[68],[120],[59],[138],[5],[9, 24, 56]",,,,,,,,
,"0,[94],[32],[84],[78],[17, 19, 113]",,,"0,[1, 64],[47, 57]",,,,,,,,,,,,,"0,[68],[120],[59],[138],[5],[9, 24, 56]",,,,,,,,
,"0,[94],[32],[84],[78],[17, 19, 113]",,,"3,[1, 64],[47, 57]",,,,,,,,,,,,,"71545,[104],[166],[59],[138],[34],[26, 15, 39]",,,,,,,,
,"0,[94],[32],[84],[78],[17, 19, 113]",,,"2,[1, 64],[47, 57]",,,,,,,,,,,,,"0,[104],[166],[59],[138],[34],[26, 15, 39]",,,,,,,,
,"0,[94],[32],[84],[78],[17, 19, 113]",,,"1,[1, 64],[47, 57]",,,,,,,,,,,,,"7179,[104],[166],[59],[138],[34],[15, 12, 48]",,,,,,,,
,"0,[94],[32],[84],[78],[17, 19, 113]",,,"0,[1, 64],[47, 57]",,,,,,,,,,,,,"0,[104],[166],[59],[138],[34],[15, 12, 48]",,,,,,,,
,"0,[94],[32],[84],[78],[17, 19, 113]",,,"1,[1, 64],[47, 57]",,,,,,,,,,,,,"0,[104],[166],[59],[138],[34],[15, 12, 48]",,,,,,,,
,"0,[94],[32],[84],[78],[17, 19, 113]",,,"45008,[1, 164],[47, 57]",,,,,,,,,,,,,"0,[104],[166],[59],[138],[34],[15, 12, 48]",,,,,,,,
,"0,[94],[32],[84],[78],[17, 19, 113]",,,"1,[1, 164],[47, 57]",,,,,,,,,,,,,"0,[104],[166],[59],[138],[34],[15, 12, 48]",,,,,,,,
,"0,[94],[32],[84],[78],[17, 19, 113]",,,"0,[1, 164],[47, 57]",,,,,,,,,,,,,"0,[104],[166],[59],[138],[34],[15, 12, 48]",,,,,,,,
,"1,[94],[32],[84],[78],[17, 19, 29]",,,"0,[1, 164],[47, 57]",,,,,,,,,,,,,"0,[104],[166],[59],[138],[34],[15, 12, 48]",,,,,,,,
,"0,[94],[32],[84],[78],[17, 19, 29]",,,"1,[1, 164],[47, 57]",,,,,,,,,,,,,"0,[104],[166],[59],[138],[34],[15, 12, 48]",,,,,,,,
,"8093,[82],[32],[65],[154],[11, 69, 27]",,,"57767,[1, 155],[47, 55]",,,,,,,,,,,,,"0,[104],[166],[59],[138],[34],[15, 12, 48]",,,,,,,,
,"0,[82],[32],[65],[154],[11, 69, 27]",,,"1,[1, 155],[47, 55]",,,,,,,,,,,,,"0,[104],[166],[59],[138],[34],[15, 12, 48]",,,,,,,,
,"0,[82],[32],[65],[154],[11, 69, 27]",,,"0,[1, 155],[47, 55]",,,,,,,,,,,,,"0,[104],[166],[59],[138],[34],[15, 12, 48]",,,,,,,,
,"0,[82],[32],[65],[154],[11, 69, 27]",,,"0,[1, 155],[47, 55]",,,,,,,,,,,,,"0,[104],[166],[59],[138],[34],[15, 12, 48]",,,,,,,,
,"0,[82],[32],[65],[154],[11, 69, 27]",,,"23661,[1, 137],[47, 57]",,,,,,,,,,,,,"0,[104],[166],[59],[138],[34],[15, 12, 48]",,,,,,,,
,"0,[82],[32],[65],[154],[11, 69, 27]",,,"0,[1, 137],[47, 57]",,,,,,,,,,,,,"0,[104],[166],[59],[138],[34],[15, 12, 48]",,,,,,,,
,"0,[82],[32],[65],[154],[11, 69, 27]",,,"0,[1, 137],[47, 57]",,,,,,,,,,,,,"1,[104],[166],[59],[138],[34],[15, 12, 88]",,,,,,,,
,"0,[82],[32],[65],[154],[11, 69, 27]",,,"1,[1, 137],[47, 57]",,,,,,,,,,,,,"0,[104],[166],[59],[138],[34],[15, 12, 88]",,,,,,,,
,"0,[82],[32],[65],[154],[11, 69, 27]",,,"2,[1, 137],[47, 57]",,,,,,,,,,,,,"0,[104],[166],[59],[138],[34],[15, 12, 88]",,,,,,,,
,"0,[82],[32],[65],[154],[11, 69, 27]",,,"0,[1, 137],[47, 57]",,,,,,,,,,,,,"0,[104],[166],[59],[138],[34],[15, 12, 88]",,,,,,,,
,"0,[82],[32],[65],[154],[11, 69, 27]",,,"1,[1, 137],[47, 57]",,,,,,,,,,,,,"0,[104],[166],[59],[138],[34],[15, 12, 88]",,,,,,,,
,"0,[82],[32],[65],[154],[11, 69, 27]",,,"2,[1, 137],[47, 57]",,,,,,,,,,,,,"58,[104],[166],[59],[138],[34],[15, 3, 85]",,,,,,,,
,"23753,[171],[32],[65],[154],[8, 10, 42]",,,"1,[1, 137],[47, 57]",,,,,,,,,,,,,"0,[104],[166],[59],[138],[34],[15, 3, 85]",,,,,,,,
,"0,[171],[32],[65],[154],[8, 10, 42]",,,"1,[1, 137],[47, 57]",,,,,,,,,,,,,"0,[104],[166],[59],[138],[34],[15, 3, 85]",,,,,,,,
,"0,[171],[32],[65],[154],[8, 10, 42]",,,"9861,[1, 66],[47, 57]",,,,,,,,,,,,,"0,[104],[166],[59],[138],[34],[15, 3, 85]",,,,,,,,
,"0,[171],[32],[65],[154],[8, 10, 42]",,,"1,[1, 66],[47, 57]",,,,,,,,,,,,,"0,[104],[166],[59],[138],[34],[15, 3, 85]",,,,,,,,
,"0,[171],[32],[65],[154],[8, 10, 42]",,,"1,[1, 66],[47, 57]",,,,,,,,,,,,,"0,[104],[166],[59],[138],[34],[15, 3, 85]",,,,,,,,
,"0,[171],[32],[65],[154],[8, 10, 42]",,,"0,[1, 66],[47, 57]",,,,,,,,,,,,,"0,[104],[166],[59],[138],[34],[15, 3, 85]",,,,,,,,
,"0,[171],[32],[65],[154],[8, 10, 42]",,,"1,[1, 66],[47, 57]",,,,,,,,,,,,,"0,[104],[166],[59],[138],[34],[15, 3, 85]",,,,,,,,
,"0,[171],[32],[65],[154],[8, 10, 42]",,,"1,[1, 66],[47, 57]",,,,,,,,,,,,,"0,[104],[166],[59],[138],[34],[15, 3, 85]",,,,,,,,
,"0,[171],[32],[65],[154],[8, 10, 42]",,,"1,[1, 66],[47, 57]",,,,,,,,,,,,,"0,[104],[166],[59],[138],[34],[15, 3, 85]",,,,,,,,
,"0,[171],[32],[65],[154],[8, 10, 42]",,,"0,[1, 66],[47, 57]",,,,,,,,,,,,,"0,[104],[166],[59],[138],[34],[15, 3, 85]",,,,,,,,
,"0,[171],[32],[65],[154],[8, 10, 42]",,,"0,[1, 66],[47, 57]",,,,,,,,,,,,,"6328,[176],[58],[59],[138],[34],[2, 6, 44]",,,,,,,,
,"0,[171],[32],[65],[154],[8, 10, 42]",,,"1,[1, 66],[47, 57]",,,,,,,,,,,,,"2,[176],[58],[59],[138],[34],[2, 6, 48]",,,,,,,,
,"0,[171],[32],[65],[154],[8, 10, 42]",,,"7,[1, 66],[47, 57]",,,,,,,,,,,,,"5,[176],[58],[59],[138],[34],[2, 6, 43]",,,,,,,,
,"0,[171],[32],[65],[154],[8, 10, 42]",,,"1,[1, 66],[47, 57]",,,,,,,,,,,,,"1,[176],[58],[59],[138],[34],[2, 6, 41]",,,,,,,,
,"0,[171],[32],[65],[154],[8, 10, 42]",,,"1,[1, 66],[47, 57]",,,,,,,,,,,,,"0,[176],[58],[59],[138],[34],[2, 6, 41]",,,,,,,,
,"0,[171],[32],[65],[154],[8, 10, 42]",,,"0,[1, 66],[47, 57]",,,,,,,,,,,,,"3,[176],[58],[59],[138],[34],[2, 6, 53]",,,,,,,,
,"0,[171],[32],[65],[154],[8, 10, 42]",,,"1,[1, 66],[47, 57]",,,,,,,,,,,,,"1,[176],[58],[59],[138],[34],[2, 6, 35]",,,,,,,,
,"2,[171],[32],[65],[154],[8, 10, 35]",,,"0,[1, 66],[47, 57]",,,,,,,,,,,,,"1,[176],[58],[59],[138],[34],[2, 6, 7]",,,,,,,,
,"3,[171],[32],[65],[154],[8, 10, 54]",,,"2,[1, 66],[47, 57]",,,,,,,,,,,,,"0,[176],[58],[59],[138],[34],[2, 6, 7]",,,,,,,,
,"26747,[62],[32],[178],[128],[46, 44, 25]",,,"0,[1, 66],[47, 57]",,,,,,,,,,,,,"3,[176],[58],[59],[138],[34],[2, 6, 50]",,,,,,,,
,"0,[62],[32],[178],[128],[46, 44, 25]",,,"0,[1, 66],[47, 57]",,,,,,,,,,,,,"2,[176],[58],[59],[138],[34],[2, 6, 37]",,,,,,,,
,"0,[62],[32],[178],[128],[46, 44, 25]",,,"1,[1, 66],[47, 57]",,,,,,,,,,,,,"0,[176],[58],[59],[138],[34],[2, 6, 37]",,,,,,,,
,"0,[62],[32],[178],[128],[46, 44, 25]",,,"6,[1, 66],[47, 57]",,,,,,,,,,,,,"1,[176],[58],[59],[138],[34],[2, 6, 38]",,,,,,,,
,"0,[62],[32],[178],[128],[46, 44, 25]",,,"1,[1, 66],[47, 57]",,,,,,,,,,,,,"3,[176],[58],[59],[138],[34],[2, 6, 29]",,,,,,,,
,"0,[62],[32],[178],[128],[46, 44, 25]",,,"1,[1, 66],[47, 57]",,,,,,,,,,,,,"0,[176],[58],[59],[138],[34],[2, 6, 29]",,,,,,,,
,"0,[62],[32],[178],[128],[46, 44, 25]",,,"0,[1, 66],[47, 57]",,,,,,,,,,,,,"1,[176],[58],[59],[138],[34],[2, 6, 142]",,,,,,,,
,"0,[62],[32],[178],[128],[46, 44, 25]",,,"2,[1, 66],[47, 57]",,,,,,,,,,,,,"0,[176],[58],[59],[138],[34],[2, 6, 142]",,,,,,,,
,"0,[62],[32],[178],[128],[46, 44, 25]",,,"0,[1, 66],[47, 57]",,,,,,,,,,,,,"0,[176],[58],[59],[138],[34],[2, 6, 142]",,,,,,,,
,"0,[62],[32],[178],[128],[46, 44, 25]",,,"1,[1, 66],[47, 57]",,,,,,,,,,,,,"1,[176],[58],[59],[138],[34],[2, 6, 25]",,,,,,,,
,"0,[62],[32],[178],[128],[46, 44, 25]",,,"1,[1, 66],[47, 57]",,,,,,,,,,,,,"0,[176],[58],[59],[138],[34],[2, 6, 25]",,,,,,,,
,"0,[62],[32],[178],[128],[46, 44, 25]",,,"0,[1, 66],[47, 57]",,,,,,,,,,,,,"0,[176],[58],[59],[138],[34],[2, 6, 25]",,,,,,,,
,"0,[62],[32],[178],[128],[46, 44, 25]",,,"0,[1, 66],[47, 57]",,,,,,,,,,,,,"1,[176],[58],[59],[138],[34],[2, 31, 19]",,,,,,,,
,"0,[62],[32],[178],[128],[46, 44, 25]",,,"7,[1, 66],[47, 57]",,,,,,,,,,,,,"4,[176],[58],[59],[138],[34],[2, 31, 26]",,,,,,,,
,"0,[62],[32],[178],[128],[46, 44, 25]",,,"0,[1, 66],[47, 57]",,,,,,,,,,,,,"5495,[176],[58],[59],[138],[34],[3, 4, 190]",,,,,,,,
,"0,[62],[32],[178],[128],[46, 44, 25]",,,"2,[1, 66],[47, 57]",,,,,,,,,,,,,"4,[176],[58],[59],[138],[34],[3, 4, 41]",,,,,,,,
,"0,[62],[32],[178],[128],[46, 44, 25]",,,"0,[1, 66],[47, 57]",,,,,,,,,,,,,"0,[176],[58],[59],[138],[34],[3, 4, 41]",,,,,,,,
,"0,[62],[32],[178],[128],[46, 44, 25]",,,"1,[1, 66],[47, 57]",,,,,,,,,,,,,"1,[176],[58],[59],[138],[34],[3, 4, 18]",,,,,,,,
,"0,[62],[32],[178],[128],[46, 44, 25]",,,"1,[1, 66],[47, 57]",,,,,,,,,,,,,"3,[176],[58],[59],[138],[34],[3, 4, 35]",,,,,,,,
,"0,[62],[32],[178],[128],[46, 44, 25]",,,"1,[1, 66],[47, 57]",,,,,,,,,,,,,"1,[176],[58],[59],[138],[34],[3, 4, 7]",,,,,,,,
,"0,[62],[32],[178],[128],[46, 44, 25]",,,"1,[1, 66],[47, 57]",,,,,,,,,,,,,"1,[176],[58],[59],[138],[34],[3, 4, 30]",,,,,,,,
,"0,[62],[32],[178],[128],[46, 44, 25]",,,"0,[1, 66],[47, 57]",,,,,,,,,,,,,"0,[176],[58],[59],[138],[34],[3, 4, 30]",,,,,,,,
,"0,[62],[32],[178],[128],[46, 44, 25]",,,"0,[1, 66],[47, 57]",,,,,,,,,,,,,"0,[176],[58],[59],[138],[34],[3, 4, 30]",,,,,,,,
,"2450,[98],[32],[178],[128],[2, 11, 30]",,,"6,[1, 66],[47, 57]",,,,,,,,,,,,,"0,[176],[58],[59],[138],[34],[3, 4, 30]",,,,,,,,
,"0,[98],[32],[178],[128],[2, 11, 30]",,,"1,[1, 66],[47, 57]",,,,,,,,,,,,,"5,[176],[58],[59],[138],[34],[3, 4, 38]",,,,,,,,
,"0,[98],[32],[178],[128],[2, 11, 30]",,,"1,[1, 66],[47, 57]",,,,,,,,,,,,,"0,[176],[58],[59],[138],[34],[3, 4, 38]",,,,,,,,
,"0,[98],[32],[178],[128],[2, 11, 30]",,,"0,[1, 66],[47, 57]",,,,,,,,,,,,,"0,[176],[58],[59],[138],[34],[3, 4, 38]",,,,,,,,
,"0,[98],[32],[178],[128],[2, 11, 30]",,,"1,[1, 66],[47, 57]",,,,,,,,,,,,,"1,[176],[58],[59],[138],[34],[3, 4, 22]",,,,,,,,
,"0,[98],[32],[178],[128],[2, 11, 30]",,,"1,[1, 66],[47, 57]",,,,,,,,,,,,,"2,[176],[58],[59],[138],[34],[3, 4, 29]",,,,,,,,
,"0,[98],[32],[178],[128],[2, 11, 30]",,,"2,[1, 66],[47, 57]",,,,,,,,,,,,,"2,[176],[58],[59],[138],[34],[3, 4, 25]",,,,,,,,
,"0,[98],[32],[178],[128],[2, 11, 30]",,,"0,[1, 66],[47, 57]",,,,,,,,,,,,,"0,[176],[58],[59],[138],[34],[3, 4, 25]",,,,,,,,
,"0,[98],[32],[178],[128],[2, 11, 30]",,,"1,[1, 66],[47, 57]",,,,,,,,,,,,,"1,[176],[58],[59],[138],[34],[3, 13, 19]",,,,,,,,
,"0,[98],[32],[178],[128],[2, 11, 30]",,,"0,[1, 66],[47, 57]",,,,,,,,,,,,,"0,[176],[58],[59],[138],[34],[3, 13, 19]",,,,,,,,
,"0,[98],[32],[178],[128],[2, 11, 30]",,,"5,[1, 66],[47, 57]",,,,,,,,,,,,,"0,[176],[58],[59],[138],[34],[3, 13, 19]",,,,,,,,
,"2,[98],[32],[178],[128],[2, 11, 50]",,,"1,[1, 66],[47, 57]",,,,,,,,,,,,,"4,[176],[58],[59],[138],[34],[3, 13, 26]",,,,,,,,
,"0,[98],[32],[178],[128],[2, 11, 50]",,,"1,[1, 66],[47, 57]",,,,,,,,,,,,,"0,[176],[58],[59],[138],[34],[3, 13, 26]",,,,,,,,
,"0,[98],[32],[178],[128],[2, 11, 50]",,,"0,[1, 66],[47, 57]",,,,,,,,,,,,,"1,[176],[58],[59],[138],[34],[3, 13, 40]",,,,,,,,
,"0,[98],[32],[178],[128],[2, 11, 50]",,,"2,[1, 66],[47, 57]",,,,,,,,,,,,,"3970,[170],[99],[59],[138],[34],[21, 10, 21]",,,,,,,,
,"0,[98],[32],[178],[128],[2, 11, 50]",,,"1,[1, 66],[47, 57]",,,,,,,,,,,,,"0,[170],[99],[59],[138],[34],[21, 10, 21]",,,,,,,,
,"1,[98],[32],[178],[128],[2, 11, 27]",,,"2,[1, 66],[47, 57]",,,,,,,,,,,,,"0,[170],[99],[59],[138],[34],[21, 10, 21]",,,,,,,,
,"0,[98],[32],[178],[128],[2, 11, 27]",,,"0,[1, 66],[47, 57]",,,,,,,,,,,,,"0,[170],[99],[59],[138],[34],[21, 10, 21]",,,,,,,,
,"2572,[173],[32],[178],[128],[2, 25, 18]",,,"0,[1, 66],[47, 57]",,,,,,,,,,,,,"0,[170],[99],[59],[138],[34],[21, 10, 21]",,,,,,,,
,"0,[173],[32],[178],[128],[2, 25, 18]",,,"1,[1, 66],[47, 57]",,,,,,,,,,,,,"0,[170],[99],[59],[138],[34],[21, 10, 21]",,,,,,,,
,"0,[173],[32],[178],[128],[2, 25, 18]",,,"4,[1, 66],[47, 57]",,,,,,,,,,,,,"0,[170],[99],[59],[138],[34],[21, 10, 21]",,,,,,,,
,"0,[173],[32],[178],[128],[2, 25, 18]",,,"1,[1, 66],[47, 57]",,,,,,,,,,,,,"0,[170],[99],[59],[138],[34],[21, 10, 21]",,,,,,,,
,"0,[173],[32],[178],[128],[2, 25, 18]",,,"2,[1, 66],[47, 57]",,,,,,,,,,,,,"0,[170],[99],[59],[138],[34],[21, 10, 21]",,,,,,,,
,"0,[173],[32],[178],[128],[2, 25, 18]",,,"0,[1, 66],[47, 57]",,,,,,,,,,,,,"0,[170],[99],[59],[138],[34],[21, 10, 21]",,,,,,,,
,"0,[173],[32],[178],[128],[2, 25, 18]",,,"1,[1, 66],[47, 57]",,,,,,,,,,,,,"0,[170],[99],[59],[138],[34],[21, 10, 21]",,,,,,,,
,"0,[173],[32],[178],[128],[2, 25, 18]",,,"2,[1, 66],[47, 57]",,,,,,,,,,,,,"0,[170],[99],[59],[138],[34],[21, 10, 21]",,,,,,,,
,"0,[173],[32],[178],[128],[2, 25, 18]",,,"2,[1, 66],[47, 57]",,,,,,,,,,,,,"0,[170],[99],[59],[138],[34],[21, 10, 21]",,,,,,,,
,"0,[173],[32],[178],[128],[2, 25, 18]",,,"0,[1, 66],[47, 57]",,,,,,,,,,,,,"0,[170],[99],[59],[138],[34],[21, 10, 21]",,,,,,,,
,"0,[173],[32],[178],[128],[2, 25, 18]",,,"0,[1, 66],[47, 57]",,,,,,,,,,,,,"0,[170],[99],[59],[138],[34],[21, 10, 21]",,,,,,,,
,"0,[173],[32],[178],[128],[2, 25, 18]",,,"0,[1, 66],[47, 57]",,,,,,,,,,,,,"0,[170],[99],[59],[138],[34],[21, 10, 21]",,,,,,,,
,"0,[173],[32],[178],[128],[2, 25, 18]",,,"5,[1, 66],[47, 57]",,,,,,,,,,,,,"0,[170],[99],[59],[138],[34],[21, 10, 21]",,,,,,,,
,"0,[173],[32],[178],[128],[2, 25, 18]",,,"1,[1, 66],[47, 57]",,,,,,,,,,,,,"0,[170],[99],[59],[138],[34],[21, 10, 21]",,,,,,,,
,"0,[173],[32],[178],[128],[2, 25, 18]",,,"1,[1, 66],[47, 57]",,,,,,,,,,,,,"1,[170],[99],[59],[138],[34],[21, 10, 11]",,,,,,,,
,"0,[173],[32],[178],[128],[2, 25, 18]",,,"0,[1, 66],[47, 57]",,,,,,,,,,,,,"0,[170],[99],[59],[138],[34],[21, 10, 11]",,,,,,,,
,"0,[173],[32],[178],[128],[2, 25, 18]",,,"1,[1, 66],[47, 57]",,,,,,,,,,,,,"0,[170],[99],[59],[138],[34],[21, 10, 11]",,,,,,,,
,"0,[173],[32],[178],[128],[2, 25, 18]",,,"3,[1, 66],[47, 57]",,,,,,,,,,,,,"0,[170],[99],[59],[138],[34],[21, 10, 11]",,,,,,,,
,"1,[173],[32],[178],[128],[2, 25, 42]",,,"2,[1, 66],[47, 57]",,,,,,,,,,,,,"1,[170],[99],[59],[138],[34],[21, 10, 34]",,,,,,,,
,"0,[173],[32],[178],[128],[2, 25, 42]",,,"0,[1, 66],[47, 57]",,,,,,,,,,,,,"22443,[140],[177],[59],[138],[34],[20, 8, 23]",,,,,,,,
,"0,[173],[32],[178],[128],[2, 25, 42]",,,"0,[1, 66],[47, 57]",,,,,,,,,,,,,"0,[140],[177],[59],[138],[34],[20, 8, 23]",,,,,,,,
,"0,[173],[32],[178],[128],[2, 25, 42]",,,"0,[1, 66],[47, 57]",,,,,,,,,,,,,"0,[140],[177],[59],[138],[34],[20, 8, 23]",,,,,,,,
,"0,[173],[32],[178],[128],[2, 25, 42]",,,"1783,[1, 106],[47, 57]",,,,,,,,,,,,,"0,[140],[177],[59],[138],[34],[20, 8, 23]",,,,,,,,
,"18113,[127],[32],[59],[138],[5],[13, 22, 21]",,,"0,[1, 106],[47, 57]",,,,,,,,,,,,,"0,[140],[177],[59],[138],[34],[20, 8, 23]",,,,,,,,
,"0,[127],[32],[59],[138],[5],[13, 22, 21]",,,"1,[1, 106],[47, 57]",,,,,,,,,,,,,"0,[140],[177],[59],[138],[34],[20, 8, 23]",,,,,,,,
,"0,[127],[32],[59],[138],[5],[13, 22, 21]",,,"0,[1, 106],[47, 57]",,,,,,,,,,,,,"0,[140],[177],[59],[138],[34],[20, 8, 23]",,,,,,,,
,"0,[127],[32],[59],[138],[5],[13, 22, 21]",,,"0,[1, 106],[47, 57]",,,,,,,,,,,,,"0,[140],[177],[59],[138],[34],[20, 8, 23]",,,,,,,,
,"0,[127],[32],[59],[138],[5],[13, 22, 21]",,,"1,[1, 106],[47, 57]",,,,,,,,,,,,,"0,[140],[177],[59],[138],[34],[20, 8, 23]",,,,,,,,
,"0,[127],[32],[59],[138],[5],[13, 22, 21]",,,"0,[1, 106],[47, 57]",,,,,,,,,,,,,"0,[140],[177],[59],[138],[34],[20, 8, 23]",,,,,,,,
,"0,[127],[32],[59],[138],[5],[13, 22, 21]",,,"1,[1, 106],[47, 57]",,,,,,,,,,,,,"0,[140],[177],[59],[138],[34],[20, 8, 23]",,,,,,,,
,"0,[127],[32],[59],[138],[5],[13, 22, 21]",,,"1,[1, 106],[47, 57]",,,,,,,,,,,,,"0,[140],[177],[59],[138],[34],[20, 8, 23]",,,,,,,,
,"0,[127],[32],[59],[138],[5],[13, 22, 21]",,,"0,[1, 106],[47, 57]",,,,,,,,,,,,,"0,[140],[177],[59],[138],[34],[20, 8, 23]",,,,,,,,
,"0,[127],[32],[59],[138],[5],[13, 22, 21]",,,"40389,[1, 86],[47, 57]",,,,,,,,,,,,,"0,[140],[177],[59],[138],[34],[20, 8, 23]",,,,,,,,
,"0,[127],[32],[59],[138],[5],[13, 22, 21]",,,"1,[1, 86],[47, 57]",,,,,,,,,,,,,"0,[140],[177],[59],[138],[34],[20, 8, 23]",,,,,,,,
,"0,[127],[32],[59],[138],[5],[13, 22, 21]",,,"0,[1, 86],[47, 57]",,,,,,,,,,,,,"0,[140],[177],[59],[138],[34],[20, 8, 23]",,,,,,,,
,"0,[127],[32],[59],[138],[5],[13, 22, 21]",,,"0,[1, 86],[47, 57]",,,,,,,,,,,,,"3,[140],[177],[59],[138],[34],[20, 8, 8]",,,,,,,,
,"0,[127],[32],[59],[138],[5],[13, 22, 21]",,,"0,[1, 86],[47, 57]",,,,,,,,,,,,,"1,[140],[177],[59],[138],[34],[20, 8, 24]",,,,,,,,
,"0,[127],[32],[59],[138],[5],[13, 22, 21]",,,"0,[1, 86],[47, 57]",,,,,,,,,,,,,"0,[140],[177],[59],[138],[34],[20, 8, 24]",,,,,,,,
,"0,[127],[32],[59],[138],[5],[13, 22, 21]",,,"1,[1, 86],[47, 57]",,,,,,,,,,,,,"0,[140],[177],[59],[138],[34],[20, 8, 24]",,,,,,,,
,"0,[127],[32],[59],[138],[5],[13, 22, 21]",,,"1,[1, 86],[47, 57]",,,,,,,,,,,,,"0,[140],[177],[59],[138],[34],[20, 8, 24]",,,,,,,,
,"0,[127],[32],[59],[138],[5],[13, 22, 21]",,,"0,[1, 86],[47, 57]",,,,,,,,,,,,,"0,[140],[177],[59],[138],[34],[20, 8, 24]",,,,,,,,
,"0,[127],[32],[59],[138],[5],[13, 22, 21]",,,"2,[1, 86],[47, 57]",,,,,,,,,,,,,"0,[140],[177],[59],[138],[34],[20, 8, 24]",,,,,,,,
,"0,[127],[32],[59],[138],[5],[13, 22, 21]",,,"23099,[1, 180],[47, 57]",,,,,,,,,,,,,"7106,[101],[93],[59],[138],[34],[8, 20, 54]",,,,,,,,
,"0,[127],[32],[59],[138],[5],[13, 22, 21]",,,"0,[1, 180],[47, 57]",,,,,,,,,,,,,"4,[101],[93],[59],[138],[34],[8, 20, 38]",,,,,,,,
,"0,[127],[32],[59],[138],[5],[13, 22, 21]",,,"0,[1, 180],[47, 57]",,,,,,,,,,,,,"0,[101],[93],[59],[138],[34],[8, 20, 38]",,,,,,,,
,"0,[127],[32],[59],[138],[5],[13, 22, 21]",,,"3,[1, 180],[47, 57]",,,,,,,,,,,,,"0,[101],[93],[59],[138],[34],[8, 20, 38]",,,,,,,,
,"21168,[91],[32],[59],[138],[5],[12, 34, 16]",,,"1,[1, 180],[47, 57]",,,,,,,,,,,,,"0,[101],[93],[59],[138],[34],[8, 20, 38]",,,,,,,,
,"0,[91],[32],[59],[138],[5],[12, 34, 16]",,,"1,[1, 180],[47, 57]",,,,,,,,,,,,,"0,[101],[93],[59],[138],[34],[8, 20, 38]",,,,,,,,
,"0,[91],[32],[59],[138],[5],[12, 34, 16]",,,"0,[1, 180],[47, 57]",,,,,,,,,,,,,"0,[101],[93],[59],[138],[34],[8, 20, 38]",,,,,,,,
,"0,[91],[32],[59],[138],[5],[12, 34, 16]",,,"0,[1, 180],[47, 57]",,,,,,,,,,,,,"0,[101],[93],[59],[138],[34],[8, 20, 38]",,,,,,,,
,"0,[91],[32],[59],[138],[5],[12, 34, 16]",,,"1,[1, 180],[47, 57]",,,,,,,,,,,,,"0,[101],[93],[59],[138],[34],[8, 20, 38]",,,,,,,,
,"0,[91],[32],[59],[138],[5],[12, 34, 16]",,,"1,[1, 180],[47, 57]",,,,,,,,,,,,,"0,[101],[93],[59],[138],[34],[8, 20, 38]",,,,,,,,
,"0,[91],[32],[59],[138],[5],[12, 34, 16]",,,"7193,[1, 123],[47, 57]",,,,,,,,,,,,,"0,[101],[93],[59],[138],[34],[8, 20, 38]",,,,,,,,
,"0,[91],[32],[59],[138],[5],[12, 34, 16]",,,"1,[1, 123],[47, 57]",,,,,,,,,,,,,"0,[101],[93],[59],[138],[34],[8, 20, 38]",,,,,,,,
,"0,[91],[32],[59],[138],[5],[12, 34, 16]",,,"0,[1, 123],[47, 57]",,,,,,,,,,,,,"0,[101],[93],[59],[138],[34],[8, 20, 38]",,,,,,,,
,"0,[91],[32],[59],[138],[5],[12, 34, 16]",,,"0,[1, 123],[47, 57]",,,,,,,,,,,,,"0,[101],[93],[59],[138],[34],[8, 20, 38]",,,,,,,,
,"0,[91],[32],[59],[138],[5],[12, 34, 16]",,,"0,[1, 123],[47, 57]",,,,,,,,,,,,,"0,[101],[93],[59],[138],[34],[8, 20, 38]",,,,,,,,
,"0,[91],[32],[59],[138],[5],[12, 34, 16]",,,"0,[1, 123],[47, 57]",,,,,,,,,,,,,"0,[101],[93],[59],[138],[34],[8, 20, 38]",,,,,,,,
,"0,[91],[32],[59],[138],[5],[12, 34, 16]",,,"0,[1, 123],[47, 57]",,,,,,,,,,,,,"0,[101],[93],[59],[138],[34],[8, 20, 38]",,,,,,,,
,"0,[91],[32],[59],[138],[5],[12, 34, 16]",,,"1,[1, 123],[47, 57]",,,,,,,,,,,,,"0,[101],[93],[59],[138],[34],[8, 20, 38]",,,,,,,,
,"0,[91],[32],[59],[138],[5],[12, 34, 16]",,,"0,[1, 123],[47, 57]",,,,,,,,,,,,,"0,[101],[93],[59],[138],[34],[8, 20, 38]",,,,,,,,
,"0,[91],[32],[59],[138],[5],[12, 34, 16]",,,"0,[1, 123],[47, 57]",,,,,,,,,,,,,"0,[101],[93],[59],[138],[34],[8, 20, 38]",,,,,,,,
,"0,[91],[32],[59],[138],[5],[12, 34, 16]",,,"38703,[1, 108],[47, 57]",,,,,,,,,,,,,"0,[101],[93],[59],[138],[34],[8, 20, 38]",,,,,,,,
,"0,[91],[32],[59],[138],[5],[12, 34, 16]",,,"14,[1, 108],[47, 57]",,,,,,,,,,,,,"0,[101],[93],[59],[138],[34],[8, 20, 38]",,,,,,,,
,"0,[91],[32],[59],[138],[5],[12, 34, 16]",,,"13,[1, 108],[47, 57]",,,,,,,,,,,,,"0,[101],[93],[59],[138],[34],[8, 20, 38]",,,,,,,,
,"0,[91],[32],[59],[138],[5],[12, 34, 16]",,,"13,[1, 108],[47, 57]",,,,,,,,,,,,,,,,,,,,,
,"0,[91],[32],[59],[138],[5],[12, 34, 16]",,,"14,[1, 108],[47, 57]",,,,,,,,,,,,,,,,,,,,,
,"0,[91],[32],[59],[138],[5],[12, 34, 16]",,,"13,[1, 108],[47, 57]",,,,,,,,,,,,,,,,,,,,,
,"0,[91],[32],[59],[138],[5],[12, 34, 16]",,,"14,[1, 108],[47, 57]",,,,,,,,,,,,,,,,,,,,,
,"70317,[134],[32],[158],[138],[21],[8, 43, 41]",,,"13,[1, 108],[47, 57]",,,,,,,,,,,,,,,,,,,,,
,"0,[134],[32],[158],[138],[21],[8, 43, 41]",,,"36152,[1, 136],[47, 57]",,,,,,,,,,,,,,,,,,,,,
,"0,[134],[32],[158],[138],[21],[8, 43, 41]",,,"0,[1, 136],[47, 57]",,,,,,,,,,,,,,,,,,,,,
,"0,[134],[32],[158],[138],[21],[8, 43, 41]",,,"0,[1, 136],[47, 57]",,,,,,,,,,,,,,,,,,,,,
,"0,[134],[32],[158],[138],[21],[8, 43, 41]",,,"0,[1, 136],[47, 57]",,,,,,,,,,,,,,,,,,,,,
,"0,[134],[32],[158],[138],[21],[8, 43, 41]",,,"0,[1, 136],[47, 57]",,,,,,,,,,,,,,,,,,,,,
,"0,[134],[32],[158],[138],[21],[8, 43, 41]",,,"0,[1, 136],[47, 57]",,,,,,,,,,,,,,,,,,,,,
,"0,[134],[32],[158],[138],[21],[8, 43, 41]",,,"1,[1, 136],[47, 57]",,,,,,,,,,,,,,,,,,,,,
,"0,[134],[32],[158],[138],[21],[8, 43, 41]",,,"0,[1, 136],[47, 57]",,,,,,,,,,,,,,,,,,,,,
,"0,[134],[32],[158],[138],[21],[8, 43, 41]",,,"1,[1, 136],[47, 57]",,,,,,,,,,,,,,,,,,,,,
,"0,[134],[32],[158],[138],[21],[8, 43, 41]",,,"0,[1, 136],[47, 57]",,,,,,,,,,,,,,,,,,,,,
,"0,[134],[32],[158],[138],[21],[8, 43, 41]",,,"3660,[1, 87],[47, 57]",,,,,,,,,,,,,,,,,,,,,
,"0,[134],[32],[158],[138],[21],[8, 43, 41]",,,"0,[1, 87],[47, 57]",,,,,,,,,,,,,,,,,,,,,
,"0,[134],[32],[158],[138],[21],[8, 43, 41]",,,"0,[1, 87],[47, 57]",,,,,,,,,,,,,,,,,,,,,
,"0,[134],[32],[158],[138],[21],[8, 43, 41]",,,"12372,[1, 186],[47, 57]",,,,,,,,,,,,,,,,,,,,,
,"0,[134],[32],[158],[138],[21],[8, 43, 41]",,,"0,[1, 186],[47, 57]",,,,,,,,,,,,,,,,,,,,,
,"0,[134],[32],[158],[138],[21],[8, 43, 41]",,,"0,[1, 186],[47, 57]",,,,,,,,,,,,,,,,,,,,,
,"0,[134],[32],[158],[138],[21],[8, 43, 41]",,,"0,[1, 186],[47, 57]",,,,,,,,,,,,,,,,,,,,,
,"0,[134],[32],[158],[138],[21],[8, 43, 41]",,,"0,[1, 186],[47, 57]",,,,,,,,,,,,,,,,,,,,,
,"0,[134],[32],[158],[138],[21],[8, 43, 41]",,,"0,[1, 186],[47, 57]",,,,,,,,,,,,,,,,,,,,,
,"0,[134],[32],[158],[138],[21],[8, 43, 41]",,,"0,[1, 186],[47, 57]",,,,,,,,,,,,,,,,,,,,,
,"1,[134],[32],[158],[138],[21],[8, 43, 18]",,,"0,[1, 186],[47, 57]",,,,,,,,,,,,,,,,,,,,,
,"14404,[96],[32],[119],[138],[11],[14, 3, 26]",,,"0,[1, 186],[47, 57]",,,,,,,,,,,,,,,,,,,,,
,"0,[96],[32],[119],[138],[11],[14, 3, 26]",,,"0,[1, 186],[47, 57]",,,,,,,,,,,,,,,,,,,,,
,"0,[96],[32],[119],[138],[11],[14, 3, 26]",,,,,,,,,,,,,,,,,,,,,,,,
,"3,[96],[32],[119],[138],[11],[14, 3, 9]",,,,,,,,,,,,,,,,,,,,,,,,
,"0,[96],[32],[119],[138],[11],[14, 3, 9]",,,,,,,,,,,,,,,,,,,,,,,,
,"0,[96],[32],[119],[138],[11],[14, 3, 9]",,,,,,,,,,,,,,,,,,,,,,,,
,"0,[96],[32],[119],[138],[11],[14, 3, 9]",,,,,,,,,,,,,,,,,,,,,,,,
,"0,[96],[32],[119],[138],[11],[14, 3, 9]",,,,,,,,,,,,,,,,,,,,,,,,
,"0,[96],[32],[119],[138],[11],[14, 3, 9]",,,,,,,,,,,,,,,,,,,,,,,,
,"0,[96],[32],[119],[138],[11],[14, 3, 9]",,,,,,,,,,,,,,,,,,,,,,,,
,"0,[96],[32],[119],[138],[11],[14, 3, 9]",,,,,,,,,,,,,,,,,,,,,,,,
,"0,[96],[32],[119],[138],[11],[14, 3, 9]",,,,,,,,,,,,,,,,,,,,,,,,
,"0,[96],[32],[119],[138],[11],[14, 3, 9]",,,,,,,,,,,,,,,,,,,,,,,,
,"0,[96],[32],[119],[138],[11],[14, 3, 9]",,,,,,,,,,,,,,,,,,,,,,,,
,"0,[96],[32],[119],[138],[11],[14, 3, 9]",,,,,,,,,,,,,,,,,,,,,,,,
,"0,[96],[32],[119],[138],[11],[14, 3, 9]",,,,,,,,,,,,,,,,,,,,,,,,
,"0,[96],[32],[119],[138],[11],[14, 3, 9]",,,,,,,,,,,,,,,,,,,,,,,,
,"0,[96],[32],[119],[138],[11],[14, 3, 9]",,,,,,,,,,,,,,,,,,,,,,,,
,"0,[96],[32],[119],[138],[11],[14, 3, 9]",,,,,,,,,,,,,,,,,,,,,,,,
,"0,[96],[32],[119],[138],[11],[14, 3, 9]",,,,,,,,,,,,,,,,,,,,,,,,
,"0,[96],[32],[119],[138],[11],[14, 3, 9]",,,,,,,,,,,,,,,,,,,,,,,,
,"0,[96],[32],[119],[138],[11],[14, 3, 9]",,,,,,,,,,,,,,,,,,,,,,,,
,"0,[96],[32],[119],[138],[11],[14, 3, 9]",,,,,,,,,,,,,,,,,,,,,,,,
,"6696,[126],[32],[59],[138],[34],[14, 15, 2]",,,,,,,,,,,,,,,,,,,,,,,,
,"0,[126],[32],[59],[138],[34],[14, 15, 2]",,,,,,,,,,,,,,,,,,,,,,,,
,"0,[126],[32],[59],[138],[34],[14, 15, 2]",,,,,,,,,,,,,,,,,,,,,,,,
,"0,[126],[32],[59],[138],[34],[14, 15, 2]",,,,,,,,,,,,,,,,,,,,,,,,
,"0,[126],[32],[59],[138],[34],[14, 15, 2]",,,,,,,,,,,,,,,,,,,,,,,,
,"0,[126],[32],[59],[138],[34],[14, 15, 2]",,,,,,,,,,,,,,,,,,,,,,,,
,"0,[126],[32],[59],[138],[34],[14, 15, 2]",,,,,,,,,,,,,,,,,,,,,,,,
,"0,[126],[32],[59],[138],[34],[14, 15, 2]",,,,,,,,,,,,,,,,,,,,,,,,
,"0,[126],[32],[59],[138],[34],[14, 15, 2]",,,,,,,,,,,,,,,,,,,,,,,,
,"0,[126],[32],[59],[138],[34],[14, 15, 2]",,,,,,,,,,,,,,,,,,,,,,,,
,"0,[126],[32],[59],[138],[34],[14, 15, 2]",,,,,,,,,,,,,,,,,,,,,,,,
,"0,[126],[32],[59],[138],[34],[14, 15, 2]",,,,,,,,,,,,,,,,,,,,,,,,
,"0,[126],[32],[59],[138],[34],[14, 15, 2]",,,,,,,,,,,,,,,,,,,,,,,,
,"0,[126],[32],[59],[138],[34],[14, 15, 2]",,,,,,,,,,,,,,,,,,,,,,,,
,"0,[126],[32],[59],[138],[34],[14, 15, 2]",,,,,,,,,,,,,,,,,,,,,,,,
,"0,[126],[32],[59],[138],[34],[14, 15, 2]",,,,,,,,,,,,,,,,,,,,,,,,
,"0,[126],[32],[59],[138],[34],[14, 15, 2]",,,,,,,,,,,,,,,,,,,,,,,,
,"0,[126],[32],[59],[138],[34],[14, 15, 2]",,,,,,,,,,,,,,,,,,,,,,,,
,"0,[126],[32],[59],[138],[34],[14, 15, 2]",,,,,,,,,,,,,,,,,,,,,,,,
,"0,[126],[32],[59],[138],[34],[14, 15, 2]",,,,,,,,,,,,,,,,,,,,,,,,
,"0,[126],[32],[59],[138],[34],[14, 15, 2]",,,,,,,,,,,,,,,,,,,,,,,,
,"0,[126],[32],[59],[138],[34],[14, 15, 2]",,,,,,,,,,,,,,,,,,,,,,,,
,"2,[126],[32],[59],[138],[34],[14, 15, 3]",,,,,,,,,,,,,,,,,,,,,,,,
,"5873,[95],[32],[59],[138],[34],[10, 18, 9]",,,,,,,,,,,,,,,,,,,,,,,,
,"0,[95],[32],[59],[138],[34],[10, 18, 9]",,,,,,,,,,,,,,,,,,,,,,,,
,"0,[95],[32],[59],[138],[34],[10, 18, 9]",,,,,,,,,,,,,,,,,,,,,,,,
,"0,[95],[32],[59],[138],[34],[10, 18, 9]",,,,,,,,,,,,,,,,,,,,,,,,
,"0,[95],[32],[59],[138],[34],[10, 18, 9]",,,,,,,,,,,,,,,,,,,,,,,,
,"0,[95],[32],[59],[138],[34],[10, 18, 9]",,,,,,,,,,,,,,,,,,,,,,,,
,"0,[95],[32],[59],[138],[34],[10, 18, 9]",,,,,,,,,,,,,,,,,,,,,,,,
,"0,[95],[32],[59],[138],[34],[10, 18, 9]",,,,,,,,,,,,,,,,,,,,,,,,
,"0,[95],[32],[59],[138],[34],[10, 18, 9]",,,,,,,,,,,,,,,,,,,,,,,,
,"14694,[94],[32],[153],[138],[17],[13, 51, 7]",,,,,,,,,,,,,,,,,,,,,,,,
,"0,[94],[32],[153],[138],[17],[13, 51, 7]",,,,,,,,,,,,,,,,,,,,,,,,
,"0,[94],[32],[153],[138],[17],[13, 51, 7]",,,,,,,,,,,,,,,,,,,,,,,,
,"0,[94],[32],[153],[138],[17],[13, 51, 7]",,,,,,,,,,,,,,,,,,,,,,,,
,"0,[94],[32],[153],[138],[17],[13, 51, 7]",,,,,,,,,,,,,,,,,,,,,,,,
,"0,[94],[32],[153],[138],[17],[13, 51, 7]",,,,,,,,,,,,,,,,,,,,,,,,
,"0,[94],[32],[153],[138],[17],[13, 51, 7]",,,,,,,,,,,,,,,,,,,,,,,,
,"0,[94],[32],[153],[138],[17],[13, 51, 7]",,,,,,,,,,,,,,,,,,,,,,,,
,"1,[94],[32],[153],[138],[17],[13, 51, 30]",,,,,,,,,,,,,,,,,,,,,,,,
,"0,[94],[32],[153],[138],[17],[13, 51, 30]",,,,,,,,,,,,,,,,,,,,,,,,
,"0,[94],[32],[153],[138],[17],[13, 51, 30]",,,,,,,,,,,,,,,,,,,,,,,,
,"0,[94],[32],[153],[138],[17],[13, 51, 30]",,,,,,,,,,,,,,,,,,,,,,,,
,"0,[94],[32],[153],[138],[17],[13, 51, 30]",,,,,,,,,,,,,,,,,,,,,,,,
,"0,[94],[32],[153],[138],[17],[13, 51, 30]",,,,,,,,,,,,,,,,,,,,,,,,
,"0,[94],[32],[153],[138],[17],[13, 51, 30]",,,,,,,,,,,,,,,,,,,,,,,,
,"0,[94],[32],[153],[138],[17],[13, 51, 30]",,,,,,,,,,,,,,,,,,,,,,,,
,"0,[94],[32],[153],[138],[17],[13, 51, 30]",,,,,,,,,,,,,,,,,,,,,,,,
,"0,[94],[32],[153],[138],[17],[13, 51, 30]",,,,,,,,,,,,,,,,,,,,,,,,
,"0,[94],[32],[153],[138],[17],[13, 51, 30]",,,,,,,,,,,,,,,,,,,,,,,,
,"0,[94],[32],[153],[138],[17],[13, 51, 30]",,,,,,,,,,,,,,,,,,,,,,,,
,"0,[94],[32],[153],[138],[17],[13, 51, 30]",,,,,,,,,,,,,,,,,,,,,,,,
